2013-11-29, 600516, 7.92, 600, 0
2013-12-03, 002230, 47.19, 600, 0
2013-12-04, 002230, 47.45, 1200, 600
2013-12-05, 002230, 47.56666666666667, 1800, 1200
2013-12-06, 600516, 7.885, 1200, 600
2013-12-09, 600516, 7.873333333333333, 1800, 1200
2013-12-10, 600060, 12.49, 600, 0
2013-12-11, 002230, 47.625, 2400, 1800
2013-12-16, 002230, 47.66, 3000, 2400
2013-12-18, 600060, 15.069999999999993, 600, 600
2013-12-18, 002230, 47.68333333333333, 3600, 3000
2013-12-19, 600060, 25.389999999999976, 600, 600
2013-12-19, 002230, 47.7, 4200, 3600
2013-12-20, 600060, 66.6699999999999, 600, 600
2013-12-23, 600060, 231.78999999999962, 600, 600
2013-12-24, 600060, 892.2699999999985, 600, 600
2013-12-25, 600060, 3534.1899999999937, 600, 600
2013-12-31, 002230, 47.7125, 4800, 4200
2014-01-02, 002230, 47.72222222222222, 5400, 4800
2014-01-03, 002230, 47.73, 6000, 5400
2014-01-13, 600516, 8.3984, 1800, 1800
2014-01-14, 600516, 9.238096, 1800, 1800
2014-01-14, 002230, 47.736363636363635, 6600, 6000
2014-01-15, 002230, 47.788333333333334, 7200, 6600
2014-01-16, 002230, 47.87538461538462, 7800, 7200
2014-01-17, 600516, 10.39005824, 1800, 1800
2014-01-17, 002230, 47.95, 8400, 7800
2014-01-20, 600516, 12.092883865600001, 1800, 1800
2014-01-20, 002230, 48.06, 9000, 8400
2014-01-21, 600516, 14.544952766464, 1800, 1800
2014-01-21, 002230, 48.164375, 9600, 9000
2014-01-22, 002230, 48.256470588235295, 10200, 9600
2014-01-23, 002230, 48.33833333333333, 10800, 10200
2014-01-27, 600060, 14101.869999999975, 600, 600
2014-01-27, 002230, 48.41157894736842, 11400, 10800
2014-01-28, 600060, 56372.5899999999, 600, 600
2014-01-29, 600516, 12.708714574847999, 2400, 1800
2014-01-29, 002230, 48.4775, 12000, 11400
2014-01-30, 600516, 11.5989716598784, 3000, 2400
2014-02-07, 600516, 10.859143049898666, 3600, 3000
2014-02-07, 002230, 48.76095238095238, 12600, 12000
2014-02-10, 600060, 28192.09499999995, 1200, 600
2014-02-10, 600516, 10.336408328484572, 4200, 3600
2014-02-10, 002230, 49.05045454545454, 13200, 12600
2014-02-11, 600060, 18798.656666666633, 1800, 1200
2014-02-11, 600111, 22.51, 600, 0
2014-02-11, 002230, 49.310434782608695, 13800, 13200
2014-02-12, 600000, 9.58, 600, 0
2014-02-12, 600516, 9.973107287424, 4800, 4200
2014-02-12, 002230, 49.51541666666667, 14400, 13800
2014-02-13, 600000, 9.56, 1200, 600
2014-02-13, 600111, 22.51, 1200, 600
2014-02-13, 600516, 9.708317588821334, 5400, 4800
2014-02-13, 002230, 49.75, 15000, 14400
2014-02-14, 600111, 22.510000000000005, 1800, 1200
2014-02-17, 600000, 9.583333333333334, 1800, 1200
2014-02-17, 600060, 14101.937499999975, 2400, 1800
2014-02-17, 600111, 22.51, 2400, 1800
2014-02-18, 600060, 11283.90599999998, 3000, 2400
2014-02-18, 600111, 22.510000000000005, 3000, 2400
2014-02-18, 600516, 9.496485829939202, 6000, 5400
2014-02-18, 002230, 49.96653846153846, 15600, 15000
2014-02-19, 600060, 9405.218333333316, 3600, 3000
2014-02-20, 600000, 9.595, 2400, 1800
2014-02-20, 600111, 22.510000000000005, 3600, 3000
2014-02-20, 002230, 50.16703703703703, 16200, 15600
2014-02-21, 600060, 8063.334285714272, 4200, 3600
2014-02-21, 600516, 9.32771439085382, 6600, 6000
2014-02-21, 002230, 50.393928571428575, 16800, 16200
2014-02-25, 600000, 9.786326530612245, 2400, 2400
2014-02-25, 600060, 9349.749171597616, 4200, 4200
2014-02-26, 600000, 10.091324448146606, 2400, 2400
2014-02-26, 600060, 10841.75146528481, 4200, 4200
2014-02-26, 600516, 9.566380419893989, 6600, 6600
2014-02-26, 002230, 50.36178181818182, 16800, 16800
2014-02-27, 600000, 10.48356662615067, 2400, 2400
2014-02-27, 600060, 12572.119391691258, 4200, 4200
2014-02-27, 600111, 22.84264462809918, 3600, 3600
2014-02-27, 600516, 9.823442456300885, 6600, 6600
2014-02-27, 002230, 50.36001248985725, 16800, 16800
2014-02-28, 600000, 10.968331919870263, 2400, 2400
2014-02-28, 600060, 14578.984560778026, 4200, 4200
2014-02-28, 600111, 23.251825011952743, 3600, 3600
2014-02-28, 600516, 10.106544555214576, 6600, 6600
2014-02-28, 002230, 50.38313030353466, 16800, 16800
2014-03-03, 600000, 11.610678425952997, 2400, 2400
2014-03-03, 600060, 16906.4412065828, 4200, 4200
2014-03-03, 002230, 50.38361210971395, 16800, 16800
2014-03-04, 600000, 12.44966161757126, 2400, 2400
2014-03-04, 600060, 19605.74003840372, 4200, 4200
2014-03-04, 600111, 23.738783485299134, 3600, 3600
2014-03-04, 600516, 10.414325543591508, 6600, 6600
2014-03-05, 600000, 13.545476398460423, 2400, 2400
2014-03-05, 600060, 22736.29897945047, 4200, 4200
2014-03-06, 600060, 26367.00639036859, 4200, 4200
2014-03-06, 600111, 24.318304313083267, 3600, 3600
2014-03-06, 002230, 50.38411159539271, 16800, 16800
2014-03-07, 600000, 14.976744683703409, 2400, 2400
2014-03-07, 600060, 30577.76764800144, 4200, 4200
2014-03-07, 002230, 50.38462940930629, 16800, 16800
2014-03-10, 600111, 25.007981992429674, 3600, 3600
2014-03-11, 600000, 16.990033872592207, 2400, 2400
2014-03-11, 600060, 35461.25407697209, 4200, 4200
2014-03-11, 600111, 25.93710253644523, 3600, 3600
2014-03-11, 600516, 10.77941851042696, 6600, 6600
2014-03-11, 002230, 50.51799928184613, 16800, 16800
2014-03-12, 600000, 19.61963607848778, 2400, 2400
2014-03-12, 600060, 41124.94247980194, 4200, 4200
2014-03-12, 600111, 27.042832770645564, 3600, 3600
2014-03-12, 002230, 50.65626305714694, 16800, 16800
2014-03-13, 600060, 47693.48050911941, 4200, 4200
2014-03-13, 002230, 50.86931932139265, 16800, 16800
2014-03-14, 600111, 28.358743132007945, 3600, 3600
2014-03-14, 600516, 10.503633634558048, 7200, 6600
2014-03-14, 002230, 51.061205088227226, 16800, 16800
2014-03-17, 600060, 55311.429939570444, 4200, 4200
2014-03-17, 600111, 29.9247852149516, 3600, 3600
2014-03-17, 600516, 10.288738739592045, 7800, 7200
2014-03-18, 600000, 17.501708862790224, 3000, 2400
2014-03-18, 600060, 64146.44821393968, 4200, 4200
2014-03-19, 600000, 16.089757385658523, 3600, 3000
2014-03-19, 600060, 56129.630937197224, 4800, 4200
2014-03-19, 600111, 31.78850471862009, 3600, 3600
2014-03-19, 600516, 10.104543115335469, 8400, 7800
2014-03-19, 002230, 51.260131952621684, 16800, 16800
2014-03-20, 600000, 15.089792044850162, 4200, 3600
2014-03-20, 600060, 49894.32305528642, 5400, 4800
2014-03-20, 600516, 9.963573574313106, 9000, 8400
2014-03-20, 002230, 51.46635828212285, 16800, 16800
2014-03-21, 600000, 14.339818039243891, 4800, 4200
2014-03-21, 600060, 44906.07174975778, 6000, 5400
2014-03-21, 600111, 34.00648495439085, 3600, 3600
2014-03-21, 002230, 51.680151924871815, 16800, 16800
2014-03-24, 600000, 13.84983825710568, 5400, 4800
2014-03-24, 600060, 40824.800681597975, 6600, 6000
2014-03-24, 600111, 36.646064739109775, 3600, 3600
2014-03-24, 600516, 9.840225225918537, 9600, 9000
2014-03-25, 600000, 13.448854431395114, 6000, 5400
2014-03-25, 600111, 39.78738283001494, 3600, 3600
2014-03-25, 002230, 51.90179055748694, 16800, 16800
2014-03-26, 600000, 13.116231301268284, 6600, 6000
2014-03-26, 600111, 43.52581097125745, 3600, 3600
2014-03-26, 002230, 52.13156204571208, 16800, 16800
2014-03-27, 600000, 12.839045359495929, 7200, 6600
2014-03-28, 600000, 12.599888024150086, 7800, 7200
2014-03-28, 002230, 52.36976481829854, 16800, 16800
2014-03-31, 600000, 12.394896022425081, 8400, 7800
2014-04-01, 600000, 12.219236287596742, 9000, 8400
2014-04-02, 600000, 12.066159019621946, 9600, 9000
2014-04-03, 600000, 11.943443783173594, 10200, 9600
2014-04-03, 002230, 52.61670825460636, 16800, 16800
2014-04-04, 600111, 40.31355226107782, 4200, 3600
2014-04-04, 002230, 52.872713086428284, 16800, 16800
2014-04-08, 600000, 11.834363572997283, 10800, 10200
2014-04-08, 600060, 37423.73979146482, 7200, 6600
2014-04-08, 600111, 37.88435822844309, 4800, 4200
2014-04-08, 002230, 53.138111814558386, 16800, 16800
2014-04-09, 600000, 11.747291805997426, 11400, 10800
2014-04-09, 600060, 34545.91903827521, 7800, 7200
2014-04-09, 600111, 36.03720731417164, 5400, 4800
2014-04-10, 600000, 11.666927215697553, 12000, 11400
2014-04-10, 600060, 32079.21553554127, 8400, 7800
2014-04-10, 600111, 34.57248658275448, 6000, 5400
2014-04-11, 600000, 11.60040687209291, 12600, 12000
2014-04-11, 600060, 29941.40583317185, 9000, 8400
2014-04-14, 600000, 11.540842923361414, 13200, 12600
2014-04-14, 600060, 28070.82234359861, 9600, 9000
2014-04-14, 600111, 33.369533257049525, 6600, 6000
2014-04-16, 600060, 26420.307499857514, 10200, 9600
2014-04-17, 600111, 34.66533808710197, 6600, 6600
2014-04-18, 600111, 36.0874912339169, 6600, 6600
2014-04-18, 002230, 54.08438633072896, 16800, 16800
2014-04-21, 600111, 37.648312374638955, 6600, 6600
2014-04-22, 600516, 10.006754038855965, 9600, 9600
2014-04-22, 002230, 55.12813075476563, 16800, 16800
2014-04-23, 600060, 28045.100413071887, 10200, 10200
2014-04-23, 002230, 56.213843982461164, 16800, 16800
2014-04-24, 600060, 29769.85762856851, 10200, 10200
2014-04-24, 002230, 57.36178007570189, 16800, 16800
2014-04-25, 002230, 58.551838782611945, 16800, 16800
2014-04-28, 002230, 59.78556575942845, 16800, 16800
2014-04-29, 002230, 61.064563379030616, 16800, 16800
2014-04-30, 002230, 62.3904928121124, 16800, 16800
2014-05-05, 002230, 63.76507618472214, 16800, 16800
2014-05-08, 600060, 31600.787216368408, 10200, 10200
2014-05-08, 002230, 65.19009881497146, 16800, 16800
2014-05-09, 600060, 33544.36352811926, 10200, 10200
2014-05-09, 002230, 66.66741153181836, 16800, 16800
2014-05-12, 600111, 39.36132242477382, 6600, 6600
2014-05-12, 600516, 10.18419993318263, 9600, 9600
2014-05-13, 600516, 10.373278596856412, 9600, 9600
2014-05-14, 600516, 10.574752635984355, 9600, 9600
2014-05-15, 600516, 10.789434650622246, 9600, 9600
2014-05-19, 600060, 35607.51707851778, 10200, 10200
2014-05-20, 600060, 37797.604777563414, 10200, 10200
2014-05-21, 600060, 40122.43616424546, 10200, 10200
2014-05-22, 600516, 11.018190512213508, 9600, 9600
2014-05-23, 600516, 11.261942855886193, 9600, 9600
2014-05-26, 600516, 11.521674801693509, 9600, 9600
2014-05-27, 600516, 11.798433919806612, 9600, 9600
2014-05-28, 600516, 12.093336455652414, 9600, 9600
2014-05-29, 600060, 42590.30125424036, 10200, 10200
2014-06-04, 600060, 45210.000100919984, 10200, 10200
2014-06-04, 600516, 12.407571832037537, 9600, 9600
2014-06-10, 600060, 47990.87417508126, 10200, 10200
2014-06-16, 600060, 50942.875359406746, 10200, 10200
2014-06-16, 002230, 68.19893307893632, 16800, 16800
2014-06-17, 600060, 54076.49645130781, 10200, 10200
2014-06-19, 600516, 12.191832312505916, 10200, 9600
2014-06-19, 002230, 66.77172849000749, 17400, 16800
2014-06-20, 002230, 65.4396708736739, 18000, 17400
2014-06-23, 600516, 12.002286072922253, 10800, 10200
2014-06-23, 002230, 64.2135524583941, 18600, 18000
2014-06-24, 600516, 11.84269206908424, 11400, 10800
2014-06-24, 002230, 63.06781644406929, 19200, 18600
2014-06-25, 600000, 11.660395835385449, 13200, 13200
2014-06-26, 600516, 11.706057465630028, 12000, 11400
2014-06-26, 002230, 61.982428066976276, 19800, 19200
2014-06-27, 600516, 11.600054729171456, 12600, 12000
2014-07-01, 002230, 60.97323900618286, 20400, 19800
2014-07-02, 002230, 60.03286074886335, 21000, 20400
2014-07-03, 600111, 37.755378889376, 7200, 6600
2014-07-03, 002230, 59.14472572806159, 21600, 21000
2014-07-04, 600111, 36.379580513270156, 7800, 7200
2014-07-04, 002230, 58.30459800568154, 22200, 21600
2014-07-07, 002230, 57.50868753184782, 22800, 22200
2014-07-08, 600516, 11.51050678693639, 13200, 12600
2014-07-08, 002230, 56.75359297974916, 23400, 22800
2014-07-09, 600000, 11.78792662915426, 13200, 13200
2014-07-09, 600111, 35.20032476232228, 8400, 7800
2014-07-10, 600000, 11.921458060596347, 13200, 13200
2014-07-10, 600111, 34.178303111500796, 9000, 8400
2014-07-10, 002230, 57.55652887313103, 23400, 23400
2014-07-11, 600000, 12.061272474480544, 13200, 13200
2014-07-11, 600111, 33.29965916703199, 9600, 9000
2014-07-11, 600516, 11.42874562228698, 13800, 13200
2014-07-11, 002230, 58.380194242558474, 23400, 23400
2014-07-14, 600000, 12.207665500591851, 13200, 13200
2014-07-14, 600111, 32.52438509838305, 10200, 9600
2014-07-14, 600516, 11.362547888025023, 14400, 13800
2014-07-15, 600111, 31.85358592625066, 10800, 10200
2014-07-16, 600111, 31.26655508802694, 11400, 10800
2014-07-16, 600516, 11.310045972504023, 15000, 14400
2014-07-16, 002230, 59.22539243915092, 23400, 23400
2014-07-17, 600060, 57402.91149468487, 10200, 10200
2014-07-21, 600060, 60933.98200905025, 10200, 10200
2014-07-22, 600060, 64682.29928600742, 10200, 10200
2014-07-23, 600060, 68661.22928799319, 10200, 10200
2014-07-24, 600060, 72884.96030938489, 10200, 10200
2014-07-24, 600111, 30.738227333625595, 12000, 11400
2014-07-25, 600000, 12.083853957087857, 13800, 13200
2014-07-25, 600060, 77368.55356992556, 10200, 10200
2014-07-28, 600111, 30.315930793929137, 12600, 12000
2014-07-29, 600000, 11.98869337554253, 14400, 13800
2014-07-29, 600111, 29.939752121477813, 13200, 12600
2014-07-30, 600000, 11.901945640520829, 15000, 14400
2014-07-30, 600111, 29.591067246630953, 13800, 13200
2014-07-31, 600000, 11.819178500500797, 15600, 15000
2014-07-31, 600111, 29.266022778021327, 14400, 13800
2014-08-01, 600000, 11.745875593074842, 16200, 15600
2014-08-01, 600111, 28.985781866900474, 15000, 14400
2014-08-04, 600000, 11.676380036179312, 16800, 16200
2014-08-04, 600111, 28.727097948942763, 15600, 15000
2014-08-05, 600060, 73070.87226048525, 10800, 10200
2014-08-06, 600111, 28.545353580463402, 16200, 15600
2014-08-06, 600516, 11.261582665869252, 15600, 15000
2014-08-07, 600111, 28.39909095258971, 16800, 16200
2014-08-07, 600516, 11.23596849305928, 16200, 15600
2014-08-08, 600111, 28.243605057672823, 17400, 16800
2014-08-08, 600516, 11.205755332592878, 16800, 16200
2014-08-11, 600111, 28.09848488908373, 18000, 17400
2014-08-11, 600516, 11.182108596986227, 17400, 16800
2014-08-12, 600060, 69225.57845730182, 11400, 10800
2014-08-12, 600111, 27.973372473306835, 18600, 18000
2014-08-12, 600516, 11.185371643753353, 18000, 17400
2014-08-12, 002230, 60.09268638890102, 23400, 23400
2014-08-13, 002230, 60.98265373420034, 23400, 23400
2014-08-14, 600060, 65764.82303443672, 12000, 11400
2014-08-14, 600516, 11.182617719761309, 18600, 18000
2014-08-15, 600060, 62633.66336613021, 12600, 12000
2014-08-18, 600060, 59787.15457676066, 13200, 12600
2014-08-18, 600516, 11.180035916018767, 19200, 18600
2014-08-19, 600516, 11.184580282200015, 19800, 19200
2014-08-20, 600060, 57188.17568211889, 13800, 13200
2014-08-21, 600060, 54805.775862030605, 14400, 13800
2014-08-22, 002230, 60.14458739084533, 24000, 23400
2014-08-25, 600060, 57162.31196745971, 14400, 14400
2014-08-25, 002230, 59.34740233253203, 24600, 24000
2014-08-26, 600060, 59620.19858443965, 14400, 14400
2014-08-27, 600111, 28.161239932112732, 18600, 18600
2014-08-27, 600516, 11.188857332723545, 20400, 19800
2014-08-28, 600060, 62183.793951357606, 14400, 14400
2014-08-28, 600111, 28.35663969337311, 18600, 18600
2014-08-29, 600111, 28.569737431154596, 18600, 18600
2014-09-01, 002230, 58.58817846747174, 25200, 24600
2014-09-02, 002230, 57.86426734032124, 25800, 25200
2014-09-03, 600516, 11.192889980360016, 21000, 20400
2014-09-04, 002230, 57.17326126440484, 26400, 25800
2014-09-05, 600516, 11.196698592016684, 21600, 21000
2014-09-05, 002230, 56.54585545852918, 27000, 26400
2014-09-09, 600516, 11.20030133277299, 22200, 21600
2014-09-09, 002230, 55.94572816595246, 27600, 27000
2014-09-11, 600516, 11.203714455594753, 22800, 22200
2014-09-12, 600060, 59696.9009933033, 15000, 14400
2014-09-12, 600516, 11.20695254647694, 23400, 22800
2014-09-15, 600060, 57401.30480125317, 15600, 15000
2014-09-16, 600060, 55275.795364169724, 16200, 15600
2014-09-16, 600111, 28.789879248954115, 18600, 18600
2014-09-17, 600060, 53302.09338687795, 16800, 16200
2014-09-17, 600111, 29.0172979932759, 18600, 18600
2014-09-17, 600516, 11.226218467324285, 23400, 23400
2014-09-17, 002230, 56.58892925934327, 27600, 27600
2014-09-18, 600111, 29.25223420751211, 18600, 18600
2014-09-18, 600516, 11.245988051138633, 23400, 23400
2014-09-18, 002230, 57.246344312411715, 27600, 27600
2014-09-19, 600000, 11.610642793552438, 17400, 16800
2014-09-19, 002230, 57.91828743633048, 27600, 27600
2014-09-22, 600111, 29.49493638636833, 18600, 18600
2014-09-22, 600516, 11.266274465024022, 23400, 23400
2014-09-22, 002230, 58.60507968374608, 27600, 27600
2014-09-23, 002230, 59.307049202176884, 27600, 27600
2014-09-24, 600111, 29.745661238699235, 18600, 18600
2014-09-24, 600516, 11.287091220308003, 23400, 23400
2014-09-25, 600111, 30.00467395903248, 18600, 18600
2014-09-25, 002230, 58.66519709149227, 28200, 27600
2014-09-26, 600111, 30.27224850806795, 18600, 18600
2014-09-29, 600111, 30.548667902449125, 18600, 18600
2014-09-29, 002230, 58.09571381875285, 28800, 28200
2014-09-30, 600111, 30.83422451411299, 18600, 18600
2014-09-30, 002230, 57.55478088367626, 29400, 28800
2014-10-08, 600111, 31.12922037953516, 18600, 18600
2014-10-08, 002230, 57.03128526600273, 30000, 29400
2014-10-09, 600000, 11.553288033767357, 18000, 17400
2014-10-09, 600111, 31.433967519197296, 18600, 18600
2014-10-09, 002230, 56.51949535882621, 30600, 30000
2014-10-10, 600000, 11.499633581065185, 18600, 18000
2014-10-10, 002230, 56.027389678848785, 31200, 30600
2014-10-16, 600000, 11.449332531656898, 19200, 18600
2014-10-16, 600111, 31.748788267614724, 18600, 18600
2014-10-16, 600516, 11.308452181540545, 23400, 23400
2014-10-17, 600000, 11.403292151909719, 19800, 19200
2014-10-17, 600111, 32.074015614273314, 18600, 18600
2014-10-17, 600516, 11.334554405885086, 23400, 23400
2014-10-20, 600000, 11.359960029794728, 20400, 19800
2014-10-20, 600111, 32.40999355583623, 18600, 18600
2014-10-21, 600516, 11.366828977130185, 23400, 23400
2014-10-21, 002230, 55.55498610000258, 31800, 31200
2014-10-22, 002230, 55.09933820926179, 32400, 31800
2014-10-23, 002230, 54.66589569636612, 33000, 32400
2014-10-27, 600111, 32.801702560772505, 18600, 18600
2014-10-29, 600516, 11.399947292437181, 23400, 23400
2014-11-03, 600000, 11.327961171800592, 21000, 20400
2014-11-03, 600111, 32.46602435574837, 19200, 18600
2014-11-03, 600516, 11.433931409544243, 23400, 23400
2014-11-04, 600000, 11.296628917028354, 21600, 21000
2014-11-04, 600111, 32.14947816314993, 19800, 19200
2014-11-04, 002230, 55.13327564397189, 33000, 33000
2014-11-05, 600516, 11.468803962838114, 23400, 23400
2014-11-06, 600516, 11.504588178429263, 23400, 23400
2014-11-06, 002230, 55.60927070886793, 33000, 33000
2014-11-07, 600000, 11.266990297649208, 22200, 21600
2014-11-07, 600516, 11.541307889621121, 23400, 23400
2014-11-12, 600000, 11.258911605605807, 22800, 22200
2014-11-12, 600060, 55257.57298884272, 16800, 16800
2014-11-12, 600516, 11.592581750793542, 23400, 23400
2014-11-13, 600000, 11.254580538795404, 23400, 22800
2014-11-13, 600060, 57284.80737950769, 16800, 16800
2014-11-13, 600111, 31.851552334821992, 20400, 19800
2014-11-13, 600516, 11.645196048545778, 23400, 23400
2014-11-13, 002230, 56.09403969171804, 33000, 33000
2014-11-14, 600000, 11.247716025325518, 24000, 23400
2014-11-14, 600060, 59386.42954450781, 16800, 16800
2014-11-14, 002230, 56.60470248882992, 33000, 33000
2014-11-17, 600000, 11.24021075641514, 24600, 24000
2014-11-17, 600516, 11.610816147332134, 24000, 23400
2014-11-17, 002230, 57.12901776911388, 33000, 33000
2014-11-18, 600516, 11.578113314470373, 24600, 24000
2014-11-19, 600516, 11.546967759363936, 25200, 24600
2014-11-24, 600000, 11.233062881262398, 25200, 24600
2014-11-24, 600516, 11.517270834727565, 25800, 25200
2014-11-25, 600000, 11.225317232860947, 25800, 25200
2014-11-25, 600111, 31.59379369668422, 21000, 20400
2014-11-25, 600516, 11.498696497574667, 26400, 25800
2014-11-26, 600000, 11.222923659386835, 26400, 25800
2014-11-26, 600516, 11.483392130961896, 27000, 26400
2014-11-27, 600000, 11.225969800289349, 27000, 26400
2014-11-27, 600111, 31.350910538442992, 21600, 21000
2014-11-27, 600516, 11.479187954201855, 27600, 27000
2014-11-28, 600000, 11.232361761152625, 27600, 27000
2014-11-28, 600111, 31.121967010376963, 22200, 21600
2014-11-28, 600516, 11.473247784963517, 28200, 27600
2014-12-01, 600000, 11.258056191766398, 28200, 27600
2014-12-01, 600111, 30.905073141682834, 22800, 22200
2014-12-02, 600000, 11.277680021104599, 28800, 28200
2014-12-02, 600111, 30.69930203548584, 23400, 22800
2014-12-03, 600000, 11.31119675536777, 29400, 28800
2014-12-03, 600111, 30.506819484598694, 24000, 23400
2014-12-04, 600000, 11.337572820260414, 30000, 29400
2014-12-04, 600060, 57339.03162917995, 17400, 16800
2014-12-04, 600111, 30.374214131315796, 24600, 24000
2014-12-05, 600000, 11.376443941431779, 30600, 30000
2014-12-05, 600060, 55428.13190820729, 18000, 17400
2014-12-08, 600000, 11.418820019481167, 31200, 30600
2014-12-08, 600060, 53640.5160402006, 18600, 18000
2014-12-08, 600111, 30.2538756996178, 25200, 24600
2014-12-08, 002230, 57.645117835727454, 33000, 33000
2014-12-09, 600000, 11.464880019113599, 31800, 31200
2014-12-09, 600060, 51964.625851444325, 19200, 18600
2014-12-09, 600111, 30.131925101952273, 25800, 25200
2014-12-09, 002230, 58.17073106744401, 33000, 33000
2014-12-10, 600060, 50390.30476503692, 19800, 19200
2014-12-10, 600516, 11.467555122776778, 28800, 28200
2014-12-11, 600060, 48908.60315430054, 20400, 19800
2014-12-11, 600111, 30.01551771327154, 26400, 25800
2014-12-11, 600516, 11.460462161087456, 29400, 28800
2014-12-12, 600060, 47511.56620703481, 21000, 20400
2014-12-12, 600516, 11.453652917865707, 30000, 29400
2014-12-15, 600060, 46192.14242350607, 21600, 21000
2014-12-15, 600516, 11.447502860652653, 30600, 30000
2014-12-16, 600516, 11.44832011333241, 31200, 30600
2014-12-16, 002230, 57.70482515552536, 33600, 33000
2014-12-17, 600000, 11.509234092833717, 32400, 31800
2014-12-17, 600060, 44944.0396553032, 22200, 21600
2014-12-17, 600516, 11.447785771571422, 31800, 31200
2014-12-18, 600000, 11.557429836600377, 33000, 32400
2014-12-18, 600111, 29.924506208532172, 27000, 26400
2014-12-19, 600000, 11.59997573237537, 33600, 33000
2014-12-19, 600111, 29.837451725737992, 27600, 27000
2014-12-22, 600000, 11.644537561631942, 34200, 33600
2014-12-22, 600060, 46183.497082462054, 22200, 22200
2014-12-22, 600111, 29.754101689020164, 28200, 27600
2014-12-23, 600000, 11.697735189879666, 34800, 34200
2014-12-23, 600060, 47457.15311006984, 22200, 22200
2014-12-23, 600111, 29.67422457049891, 28800, 28200
2014-12-23, 600516, 11.476068111508072, 31800, 31800
2014-12-24, 600060, 48765.94200051463, 22200, 22200
2014-12-25, 600516, 11.501446830014032, 31800, 31800
2014-12-26, 600000, 11.749129508695265, 35400, 34800
2014-12-26, 600111, 29.597607742529544, 29400, 28800
2014-12-26, 600516, 11.527311254606591, 31800, 31800
2014-12-26, 002230, 58.23594243575279, 33600, 33600
2014-12-29, 600000, 11.800310683550343, 36000, 35400
2014-12-29, 600111, 29.531455587678952, 30000, 29400
2014-12-29, 600516, 11.55367068088523, 31800, 31800
2014-12-29, 002230, 58.776672503374975, 33600, 33600
2014-12-30, 600000, 11.85276460677083, 36600, 36000
2014-12-30, 600060, 50110.8345458469, 22200, 22200
2014-12-30, 600111, 29.478485870273484, 30600, 30000
2014-12-31, 600000, 11.910139371177753, 37200, 36600
2014-12-31, 600060, 51492.825834688985, 22200, 22200
2015-01-05, 600000, 11.970930809730488, 37800, 37200
2015-01-05, 600111, 29.427553449691302, 31200, 30600
2015-01-05, 600516, 11.580534582351605, 31800, 31800
2015-01-06, 600000, 12.035760015828451, 38400, 37800
2015-01-06, 600060, 50138.07094430244, 22800, 22200
2015-01-06, 600111, 29.410995837432974, 31800, 31200
2015-01-06, 600516, 11.607912613814298, 31800, 31800
2015-01-07, 600060, 48852.7947662434, 23400, 22800
2015-01-07, 600111, 29.380421840443475, 32400, 31800
2015-01-08, 600000, 12.0945944771234, 39000, 38400
2015-01-08, 600111, 29.352959625162686, 33000, 32400
2015-01-08, 600516, 11.635814614858724, 31800, 31800
2015-01-09, 600000, 12.151646075954863, 39600, 39000
2015-01-09, 600060, 47631.78064708732, 24000, 23400
2015-01-09, 600516, 11.664250613383457, 31800, 31800
2015-01-12, 600060, 46470.32819228031, 24600, 24000
2015-01-13, 600060, 45364.187044845065, 25200, 24600
2015-01-13, 600516, 11.69323082920422, 31800, 31800
2015-01-13, 002230, 59.32718934196378, 33600, 33600
2015-01-14, 600060, 44309.49688101146, 25800, 25200
2015-01-14, 002230, 59.8876700840511, 33600, 33600
2015-01-15, 600000, 12.20699464198539, 40200, 39600
2015-01-15, 600060, 43302.750133715745, 26400, 25800
2015-01-15, 600111, 29.431353544690555, 33000, 33000
2015-01-15, 002230, 60.45829506812248, 33600, 33600
2015-01-16, 600000, 12.265274132544429, 40800, 40200
2015-01-16, 600060, 42340.74746407761, 27000, 26400
2015-01-16, 002230, 61.03924789664218, 33600, 33600
2015-01-19, 600060, 41420.57121485854, 27600, 27000
2015-01-19, 600111, 29.511192483019588, 33000, 33000
2015-01-19, 600516, 11.722765677726859, 31800, 31800
2015-01-19, 002230, 61.6307154951286, 33600, 33600
2015-01-20, 002230, 61.075790661880724, 34200, 33600
2015-01-21, 600111, 29.59250307588057, 33000, 33000
2015-01-21, 002230, 60.572070133227605, 34800, 34200
2015-01-22, 600516, 11.708640387398583, 32400, 31800
2015-01-22, 002230, 60.08610284283392, 35400, 34800
2015-01-23, 600516, 11.694665107627701, 33000, 32400
2015-01-23, 002230, 59.669501128786685, 36000, 35400
2015-01-26, 600516, 11.681188944991492, 33600, 33000
2015-01-26, 002230, 59.25147652011805, 36600, 36000
2015-01-27, 600060, 40539.55480603176, 28200, 27600
2015-01-27, 600111, 29.549601235239844, 33600, 33000
2015-01-27, 600516, 11.66818563016708, 34200, 33600
2015-01-27, 002230, 58.854033350438726, 37200, 36600
2015-01-28, 600060, 39695.25699757276, 28800, 28200
2015-01-28, 002230, 58.49111218614605, 37800, 37200
2015-01-29, 600060, 38885.41807925495, 29400, 28800
2015-01-29, 600516, 11.655630705509028, 34800, 34200
2015-01-30, 600516, 11.643501371517349, 35400, 34800
2015-02-02, 600060, 38107.99451766985, 30000, 29400
2015-02-03, 600060, 37361.065409480245, 30600, 30000
2015-02-03, 600516, 11.631776348658725, 36000, 35400
2015-02-04, 600060, 36642.88299775947, 31200, 30600
2015-02-04, 600516, 11.620435752779075, 36600, 36000
2015-02-05, 600060, 35951.79709214137, 31800, 31200
2015-02-05, 600516, 11.60946098257296, 37200, 36600
2015-02-06, 600516, 11.598834617770214, 37800, 37200
2015-02-06, 002230, 58.11953230823752, 38400, 37800
2015-02-11, 600060, 35286.31640524986, 32400, 31800
2015-02-11, 002230, 57.759385657341554, 39000, 38400
2015-02-12, 600060, 34645.046470608955, 33000, 32400
2015-02-12, 002230, 57.410152541321224, 39600, 39000
2015-02-13, 600060, 34026.70849791951, 33600, 33000
2015-02-13, 002230, 57.09179205562987, 40200, 39600
2015-02-16, 600060, 33430.07940146478, 34200, 33600
2015-02-17, 600060, 32854.056135922285, 34800, 34200
2015-02-17, 002230, 56.86544217245884, 40800, 40200
2015-02-25, 600060, 32297.558913279536, 35400, 34800
2015-02-25, 002230, 56.63840677865509, 41400, 40800
2015-02-26, 600060, 31759.594431391542, 36000, 35400
2015-02-27, 600060, 31239.27189972939, 36600, 36000
2015-02-27, 002230, 56.40985811038858, 42000, 41400
2015-03-02, 600060, 30735.739449733752, 37200, 36600
2015-03-02, 002230, 56.18774743277748, 42600, 42000
2015-03-03, 600060, 30248.2242203729, 37800, 37200
2015-03-03, 002230, 55.97180649621112, 43200, 42600
2015-03-04, 600060, 29775.932123179573, 38400, 37800
2015-03-04, 002230, 55.761781749687685, 43800, 43200
2015-03-05, 600060, 29318.171782822963, 39000, 38400
2015-03-05, 002230, 55.59648740171893, 44400, 43800
2015-03-06, 002230, 55.429467569696016, 45000, 44400
2015-03-10, 002230, 55.26684299641054, 45600, 45000
2015-03-11, 600060, 28874.281452780193, 39600, 39000
2015-03-12, 600516, 11.600259076867554, 38400, 37800
2015-03-13, 600000, 12.307371608884363, 41400, 40800
2015-03-16, 600000, 12.350694871614586, 42000, 41400
2015-03-16, 600060, 28443.641580350635, 40200, 39600
2015-03-17, 600000, 12.395332972014382, 42600, 42000
2015-03-17, 600060, 28025.66758652195, 40800, 40200
2015-03-17, 600516, 11.601639706454208, 39000, 38400
2015-03-17, 002230, 55.15376711334027, 46200, 45600
2015-03-18, 600000, 12.439703347403071, 43200, 42600
2015-03-18, 600060, 27619.808780920182, 41400, 40800
2015-03-18, 600516, 11.61509971090187, 39600, 39000
2015-03-18, 002230, 55.03025727855386, 46800, 46200
2015-03-19, 600060, 27225.56536976418, 42000, 41400
2015-03-19, 600111, 29.5082047223409, 34200, 33600
2015-03-19, 600516, 11.63039673014214, 40200, 39600
2015-03-19, 002230, 54.91860845224305, 47400, 46800
2015-03-20, 600000, 12.487515630315357, 43800, 43200
2015-03-20, 600060, 26842.42191385201, 42600, 42000
2015-03-20, 600111, 29.46823567540399, 34800, 34200
2015-03-20, 002230, 54.83062584659001, 48000, 47400
2015-03-23, 600000, 12.532278932608394, 44400, 43800
2015-03-23, 600111, 29.42962151141409, 35400, 34800
2015-03-23, 600516, 11.645685013522403, 40800, 40200
2015-03-23, 002230, 54.7448156509531, 48600, 48000
2015-03-24, 600000, 12.575848546840282, 45000, 44400
2015-03-24, 600060, 26469.932165048507, 43200, 42600
2015-03-24, 600111, 29.392294486223857, 36000, 35400
2015-03-24, 600516, 11.661979433616281, 41400, 40800
2015-03-24, 002230, 54.66402521618538, 49200, 48600
2015-03-25, 600060, 26107.647751828667, 43800, 43200
2015-03-25, 002230, 54.621326117195196, 49800, 49200
2015-03-26, 600516, 11.680665441707477, 42000, 41400
2015-03-26, 002230, 54.584167472942866, 50400, 49800
2015-03-27, 600516, 11.696994097458076, 42600, 42000
2015-03-30, 600000, 12.618271592276594, 45600, 45000
2015-03-30, 600111, 29.356191297925104, 36600, 36000
2015-03-30, 600516, 11.716202512771158, 43200, 42600
2015-03-30, 002230, 54.547883149731774, 51000, 50400
2015-03-31, 600000, 12.66309923393534, 46200, 45600
2015-03-31, 600111, 29.32125272860373, 37200, 36600
2015-03-31, 002230, 54.51244264799071, 51600, 51000
2015-04-01, 600000, 12.706777448884885, 46800, 46200
2015-04-01, 600111, 29.287423320213197, 37800, 37200
2015-04-01, 002230, 54.48494330720921, 52200, 51600
2015-04-02, 600000, 12.749349886240774, 47400, 46800
2015-04-02, 600060, 25755.1656200472, 44400, 43800
2015-04-02, 600111, 29.268869830834866, 38400, 37800
2015-04-02, 002230, 54.50250076962728, 52800, 52200
2015-04-03, 600000, 12.792858012662764, 48000, 47400
2015-04-03, 600111, 29.250733371898942, 39000, 38400
2015-04-03, 002230, 54.526068176710126, 53400, 52800
2015-04-07, 600060, 25412.08807844657, 45000, 44400
2015-04-07, 600111, 29.23496468444593, 39600, 39000
2015-04-08, 600000, 12.841835074234828, 48600, 48000
2015-04-08, 600111, 29.22533834587211, 40200, 39600
2015-04-08, 002230, 54.59622297474668, 54000, 53400
2015-04-09, 600000, 12.893398061134404, 49200, 48600
2015-04-10, 600000, 12.941911337506278, 49800, 49200
2015-04-10, 600111, 29.2159951349034, 40800, 40200
2015-04-10, 002230, 54.640989755243965, 54600, 54000
2015-04-13, 600111, 29.213444480774367, 41400, 40800
2015-04-13, 002230, 54.72978334486088, 55200, 54600
2015-04-14, 600111, 29.211252416763305, 42000, 41400
2015-04-15, 600000, 13.001531440631204, 50400, 49800
2015-04-16, 600000, 13.060572247212013, 51000, 50400
2015-04-17, 600000, 13.126263267593268, 51600, 51000
2015-04-17, 600111, 29.209122101034243, 42600, 42000
2015-04-20, 600000, 13.189869436931277, 52200, 51600
2015-04-20, 600111, 29.2070509607421, 43200, 42600
2015-04-21, 600111, 29.209694098266183, 43800, 43200
2015-04-22, 600111, 29.21875228612745, 44400, 43800
2015-04-23, 600000, 13.25089364787524, 52800, 52200
2015-04-23, 600060, 25078.045603730166, 45600, 45000
2015-04-23, 600111, 29.23036892231242, 45000, 44400
2015-04-24, 600060, 24752.683972512892, 46200, 45600
2015-04-24, 600111, 29.281285120703043, 45600, 45000
2015-04-27, 600060, 24435.697254916573, 46800, 46200
2015-04-27, 600111, 29.3442554438108, 46200, 45600
2015-04-28, 600000, 13.310546528236193, 53400, 52800
2015-04-28, 600060, 24126.730327639147, 47400, 46800
2015-04-28, 600111, 29.399200886838862, 46800, 46200
2015-04-29, 600000, 13.368873789033568, 54000, 53400
2015-04-29, 600111, 29.452755305992802, 47400, 46800
2015-04-29, 002230, 54.78512302319, 55200, 55200
2015-04-30, 600060, 23825.487573543658, 48000, 47400
2015-04-30, 002230, 54.8615621569208, 55200, 55200
2015-05-04, 600060, 23531.68031954929, 48600, 48000
2015-05-04, 002230, 54.93883897353491, 55200, 55200
2015-05-05, 002230, 55.02890776935705, 55200, 55200
2015-05-06, 600000, 13.327853087128604, 54000, 54000
2015-05-07, 600000, 13.286596860989569, 54000, 54000
2015-05-07, 002230, 55.14440178683604, 55200, 55200
2015-05-08, 600000, 13.244878383822664, 54000, 54000
2015-05-11, 600000, 13.202692476385078, 54000, 54000
2015-05-11, 600060, 23245.039096140154, 49200, 48600
2015-05-13, 600000, 13.160033901403716, 54000, 54000
2015-05-13, 600060, 22965.34501064449, 49800, 49200
2015-05-13, 600111, 29.553236782782434, 47400, 47400
2015-05-14, 600000, 13.116897362925014, 54000, 54000
2015-05-14, 600060, 22692.308165279675, 50400, 49800
2015-05-14, 600111, 29.64592896447648, 47400, 47400
2015-05-15, 600000, 13.073277505657456, 54000, 54000
2015-05-15, 600060, 22425.725716276385, 51000, 50400
2015-05-18, 600060, 22165.336231203404, 51600, 51000
2015-05-19, 600000, 13.02916891430672, 54000, 54000
2015-05-19, 600060, 21910.934320499917, 52200, 51600
2015-05-19, 600111, 29.730604514146243, 47400, 47400
2015-05-20, 600000, 12.984566112903394, 54000, 54000
2015-05-20, 600060, 21662.31881685787, 52800, 52200
2015-05-21, 600060, 21419.319729028008, 53400, 52800
2015-05-22, 600060, 21181.71684314992, 54000, 53400
2015-05-25, 600060, 20949.330504214206, 54600, 54000
2015-05-26, 600060, 20721.99680308144, 55200, 54600
2015-05-27, 600060, 20499.576084768738, 55800, 55200
2015-05-28, 600000, 12.939463564123155, 54000, 54000
2015-05-28, 600060, 20281.8772966329, 56400, 55800
2015-05-29, 600000, 12.8938556685993, 54000, 54000
2015-05-29, 600111, 29.816362168491494, 47400, 47400
2015-05-29, 002230, 55.191572961125175, 55200, 55200
2015-06-01, 600000, 12.847736764227626, 54000, 54000
2015-06-01, 600111, 29.906793994653807, 47400, 47400
2015-06-02, 600060, 20068.76164087887, 57000, 56400
2015-06-03, 002230, 55.22650228412383, 55800, 55200
2015-06-04, 600111, 29.998381487384385, 47400, 47400
2015-06-05, 600000, 12.911937459126223, 54600, 54000
2015-06-05, 600516, 11.7724189167058, 43800, 43200
2015-06-08, 600516, 11.825494336750317, 44400, 43800
2015-06-09, 600516, 11.879821078926978, 45000, 44400
2015-06-10, 600516, 11.947981327888467, 45600, 45000
2015-06-11, 600516, 12.008786765188617, 46200, 45600
2015-06-12, 600516, 12.068417704096454, 46800, 46200
2015-06-15, 002230, 55.28066451487357, 55800, 55800
2015-06-16, 600060, 19860.085894619715, 57600, 57000
2015-06-17, 600000, 12.974742486744418, 55200, 54600
2015-06-17, 600111, 30.09113941543526, 47400, 47400
2015-06-18, 600111, 30.185082736294614, 47400, 47400
2015-06-19, 600111, 30.280226598598674, 47400, 47400
2015-06-23, 600000, 12.930411228499478, 55200, 55200
2015-06-23, 600060, 20068.293768516793, 57600, 57600
2015-06-23, 600111, 30.40457328116424, 47400, 47400
2015-06-23, 600516, 12.045355390089128, 46800, 46800
2015-06-24, 600000, 12.886142092988095, 55200, 55200
2015-06-24, 600060, 20278.68680196823, 57600, 57600
2015-06-24, 600111, 30.525652861819303, 47400, 47400
2015-06-24, 600516, 12.0162988042959, 46800, 46800
2015-06-25, 600000, 12.841387819887276, 55200, 55200
2015-06-25, 600060, 20491.28867102757, 57600, 57600
2015-06-25, 600111, 30.641762263883205, 47400, 47400
2015-06-25, 600516, 11.986866085383769, 46800, 46800
2015-06-26, 600000, 12.799540327573341, 55200, 55200
2015-06-29, 600000, 12.766658823205322, 55200, 55200
2015-06-29, 600060, 20706.158575662957, 57600, 57600
2015-06-29, 600111, 30.803827869511153, 47400, 47400
2015-06-29, 600516, 11.987213862805387, 46800, 46800
2015-06-30, 600060, 20923.309933478777, 57600, 57600
2015-06-30, 600111, 30.983555476265828, 47400, 47400
2015-06-30, 600516, 12.002711615618393, 46800, 46800
2015-06-30, 002230, 55.53649640778863, 55800, 55800
2015-07-01, 600060, 21142.718297956788, 57600, 57600
2015-07-01, 600111, 31.148455471195593, 47400, 47400
2015-07-01, 600516, 12.004429547458447, 46800, 46800
2015-07-01, 002230, 55.760738633275544, 55800, 55800
2015-07-02, 600000, 12.73275944693599, 55200, 55200
2015-07-02, 600060, 21364.452823548672, 57600, 57600
2015-07-02, 600111, 31.329264569878163, 47400, 47400
2015-07-02, 600516, 12.015231112047815, 46800, 46800
2015-07-02, 002230, 55.98643604840907, 55800, 55800
2015-07-03, 600000, 12.698488573426049, 55200, 55200
2015-07-03, 600060, 21588.53520208597, 57600, 57600
2015-07-03, 600111, 31.52784740648458, 47400, 47400
2015-07-03, 600516, 12.027855331646021, 46800, 46800
2015-07-03, 002230, 56.214580030117176, 55800, 55800
2015-07-06, 600060, 21814.98136892347, 57600, 57600
2015-07-06, 600111, 31.746603621058906, 47400, 47400
2015-07-06, 600516, 12.04866877631374, 46800, 46800
2015-07-06, 002230, 56.44519709925299, 55800, 55800
2015-07-07, 600060, 22043.800917573386, 57600, 57600
2015-07-07, 600111, 31.959082023453877, 47400, 47400
2015-07-08, 600000, 12.664280484395244, 55200, 55200
2015-07-09, 600000, 12.629697514995534, 55200, 55200
2015-07-09, 600111, 32.20200712538045, 47400, 47400
2015-07-16, 600060, 22275.045326757085, 57600, 57600
2015-07-16, 600516, 12.087744988152805, 46800, 46800
2015-07-16, 002230, 56.69901851996366, 55800, 55800
2015-07-21, 002230, 56.53456087613426, 56400, 55800
2015-07-22, 002230, 56.373565498490734, 57000, 56400
2015-07-23, 002230, 56.21592419121479, 57600, 57000
2015-07-24, 002230, 56.06153322017134, 58200, 57600
2015-07-27, 600000, 12.594735556979568, 55200, 55200
2015-07-27, 002230, 55.91029308527163, 58800, 58200
2015-07-29, 600516, 12.114899980507248, 46800, 46800
2015-07-31, 600060, 22508.717482129687, 57600, 57600
2015-08-10, 600000, 12.55939045707845, 55200, 55200
2015-08-14, 002230, 55.76210830663253, 59400, 58800
2015-08-19, 600060, 22744.842871665493, 57600, 57600
2015-08-19, 600516, 12.142406490140452, 46800, 46800
2015-08-21, 600060, 22983.44725092724, 57600, 57600
2015-08-21, 600516, 12.170269067390555, 46800, 46800
2015-08-25, 600000, 12.556534483407924, 55200, 55200
2015-08-26, 600111, 32.45378741036138, 47400, 47400
2015-08-26, 600516, 12.225158710677066, 46800, 46800
2015-08-26, 002230, 56.04345110807343, 59400, 59400
2015-08-27, 600111, 32.7202867829227, 47400, 47400
2015-08-27, 600516, 12.290985322915175, 46800, 46800
2015-08-27, 002230, 56.3562577556987, 59400, 59400
2015-08-28, 600516, 12.353521698999531, 46800, 46800
2015-08-28, 002230, 56.66603955408311, 59400, 59400
2015-09-01, 600000, 12.582915833048698, 55800, 55200
2015-09-01, 600516, 12.416867599036527, 46800, 46800
2015-09-01, 002230, 56.97897432755995, 59400, 59400
2015-09-02, 600516, 12.481033502191588, 46800, 46800
2015-09-02, 002230, 57.29509416727204, 59400, 59400
2015-09-07, 600516, 12.546030023281352, 46800, 46800
2015-09-08, 600516, 12.611867914529656, 46800, 46800
2015-09-11, 600000, 12.612672047590735, 56400, 55800
2015-09-14, 600000, 12.641801815510831, 57000, 56400
2015-09-14, 600111, 32.98162965024473, 47400, 47400
2015-09-14, 600516, 12.67855806734625, 46800, 46800
2015-09-15, 600000, 12.670324713265927, 57600, 57000
2015-09-15, 600111, 33.24631232864252, 47400, 47400
2015-09-15, 002230, 57.61443149098748, 59400, 59400
2015-09-16, 600000, 12.698259510036381, 58200, 57600
2015-09-16, 002230, 57.937019046424105, 59400, 59400
2015-09-17, 600000, 12.725624208913562, 58800, 58200
2015-09-17, 600516, 12.746111514128549, 46800, 46800
2015-09-21, 600516, 12.814539430086674, 46800, 46800
2015-09-25, 600000, 12.752436085591203, 59400, 58800
2015-10-16, 600516, 12.779165513250135, 47400, 46800
2015-10-19, 600516, 12.748800944334507, 48000, 47400
2015-10-21, 600516, 12.72165525366371, 48600, 48000
2015-10-22, 600516, 12.695171653009275, 49200, 48600
2015-10-22, 002230, 57.720448855959866, 60000, 59400
2015-10-23, 600111, 33.026733424534484, 48000, 47400
2015-10-23, 600516, 12.669326211406753, 49800, 49200
2015-10-23, 002230, 57.54410777817808, 60600, 60000
2015-10-26, 600111, 32.81232930818221, 48600, 48000
2015-10-26, 600516, 12.656715185080483, 50400, 49800
2015-10-26, 002230, 57.36651848623516, 61200, 60600
2015-10-27, 600516, 12.640518535844242, 51000, 50400
2015-10-27, 002230, 57.207620248504725, 61800, 61200
2015-10-28, 002230, 57.043989284576796, 62400, 61800
2015-11-03, 002230, 57.25526155588066, 62400, 62400
2015-11-05, 600060, 23224.556645875437, 57600, 57600
2015-11-05, 600111, 32.603154560521446, 49200, 48600
2015-11-06, 600000, 12.80261172473529, 60000, 59400
2015-11-06, 600060, 23468.197355707136, 57600, 57600
2015-11-06, 600111, 32.39902016822601, 49800, 49200
2015-11-09, 600000, 12.853476955183455, 60600, 60000
2015-11-09, 600060, 23714.39595572456, 57600, 57600
2015-11-09, 600111, 32.19974611860427, 50400, 49800
2015-11-10, 600000, 12.905991886995382, 61200, 60600
2015-11-10, 600060, 23963.179300233827, 57600, 57600
2015-11-10, 600111, 32.0051608701501, 51000, 50400
2015-11-10, 600516, 12.63004739007861, 51600, 51000
2015-11-11, 600000, 12.959623033723583, 61800, 61200
2015-11-11, 600060, 24214.574525474076, 57600, 57600
2015-11-11, 600516, 12.619816960307594, 52200, 51600
2015-11-12, 600060, 24468.609052577405, 57600, 57600
2015-11-17, 600060, 24725.31059055984, 57600, 57600
2015-11-20, 600000, 13.01222281224547, 62400, 61800
2015-11-23, 600000, 13.064773071176466, 63000, 62400
2015-11-24, 600000, 13.121897853523858, 63600, 63000
2015-11-24, 600060, 24984.70713934371, 57600, 57600
2015-11-25, 600000, 13.177954882930178, 64200, 63600
2015-11-25, 600060, 25246.82699281178, 57600, 57600
2015-11-26, 600060, 25511.69874189341, 57600, 57600
2015-11-26, 600516, 12.609819040304098, 52800, 52200
2015-11-27, 600060, 25779.351277683145, 57600, 57600
2015-11-27, 002230, 57.468580035791284, 62400, 62400
2015-11-30, 600060, 26049.8288076125, 57600, 57600
2015-11-30, 600516, 12.615888489289445, 53400, 52800
2015-11-30, 002230, 57.68396454219409, 62400, 62400
2015-12-01, 600060, 26323.145872202713, 57600, 57600
2015-12-01, 600516, 12.636378617186228, 54000, 53400
2015-12-01, 002230, 57.90143508491412, 62400, 62400
2015-12-02, 600000, 13.235844189569713, 64800, 64200
2015-12-02, 002230, 58.121011867575085, 62400, 62400
2015-12-03, 002230, 58.34271528947627, 62400, 62400
2015-12-04, 002230, 58.566565947487724, 62400, 62400
2015-12-07, 600060, 26051.965914757326, 58200, 57600
2015-12-08, 600000, 13.297074976821367, 65400, 64800
2015-12-08, 600060, 25786.320242157763, 58800, 58200
2015-12-08, 002230, 58.79258463796375, 62400, 62400
2015-12-09, 002230, 59.02079235867497, 62400, 62400
2015-12-10, 002230, 59.25121031075903, 62400, 62400
2015-12-11, 002230, 59.4838599006903, 62400, 62400
2015-12-14, 600060, 25526.042360923842, 59400, 58800
2015-12-14, 002230, 59.71876274226855, 62400, 62400
2015-12-16, 600000, 13.251320716058073, 65400, 65400
2015-12-16, 600060, 25270.975737314606, 60000, 59400
2015-12-17, 600000, 13.20514378538393, 65400, 65400
2015-12-17, 600060, 25020.960432984757, 60600, 60000
2015-12-18, 600060, 24775.849546386868, 61200, 60600
2015-12-21, 600060, 24535.50790030544, 61800, 61200
2015-12-21, 600516, 12.650264566447918, 54600, 54000
2015-12-23, 600060, 24299.795228187122, 62400, 61800
2015-12-25, 600060, 24068.567368871052, 63000, 62400
2016-01-04, 600000, 13.15854028024774, 65400, 65400
2016-01-04, 002230, 59.95594065862696, 62400, 62400
2016-01-05, 600060, 24299.270099979705, 63000, 63000
2016-01-06, 600060, 24532.182053274995, 63000, 63000
2016-01-06, 600111, 32.23323199983677, 51000, 51000
2016-01-06, 600516, 12.6724279936211, 54600, 54600
2016-01-06, 002230, 60.22873268115561, 62400, 62400
2016-01-07, 600111, 32.46401018155115, 51000, 51000
2016-01-08, 600060, 24767.34283737614, 63000, 63000
2016-01-08, 600111, 32.703224825700374, 51000, 51000
2016-01-08, 600516, 12.703479590388124, 54600, 54600
2016-01-08, 002230, 60.53157578280745, 62400, 62400
2016-01-12, 600060, 25004.77306445108, 63000, 63000
2016-01-12, 600516, 12.745955494399322, 54600, 54600
2016-01-12, 002230, 60.86863508290466, 62400, 62400
2016-01-13, 600060, 25244.481841814355, 63000, 63000
2016-01-13, 600516, 12.786242782469497, 54600, 54600
2016-01-13, 002230, 61.1986925768813, 62400, 62400
2016-01-14, 600060, 25486.49179332005, 63000, 63000
2016-01-14, 600111, 32.94397316139984, 51000, 51000
2016-01-14, 600516, 12.834732637175899, 54600, 54600
2016-01-14, 002230, 61.540275984181484, 62400, 62400
2016-01-15, 600060, 25730.81741456043, 63000, 63000
2016-01-15, 600111, 33.18757901909791, 51000, 51000
2016-01-18, 600060, 25977.49425132472, 63000, 63000
2016-01-18, 600111, 33.436806262103204, 51000, 51000
2016-01-18, 600516, 12.886751438411968, 54600, 54600
2016-01-18, 002230, 61.87838806459025, 62400, 62400
2016-01-19, 600111, 33.6889916660755, 51000, 51000
2016-01-19, 600516, 12.935800941545072, 54600, 54600
2016-01-21, 600060, 26226.53727921568, 63000, 63000
2016-01-21, 600111, 33.94417034241036, 51000, 51000
2016-01-21, 600516, 12.985393925330085, 54600, 54600
2016-01-21, 002230, 62.21977481916573, 62400, 62400
2016-01-22, 600000, 13.12739532116829, 65400, 65400
2016-01-22, 600060, 26477.969195380403, 63000, 63000
2016-01-22, 600111, 34.202377819252106, 51000, 51000
2016-01-22, 600516, 13.035536411667339, 54600, 54600
2016-01-22, 002230, 62.56446796369545, 62400, 62400
2016-01-25, 600111, 34.46365004644045, 51000, 51000
2016-01-26, 600000, 13.095962650368492, 65400, 65400
2016-01-26, 600060, 26731.812914683178, 63000, 63000
2016-01-26, 600111, 34.728023400515696, 51000, 51000
2016-01-26, 600516, 13.08623448918131, 54600, 54600
2016-01-26, 002230, 62.91249952113981, 62400, 62400
2016-01-27, 600000, 13.064239610017461, 65400, 65400
2016-01-27, 600111, 34.995534689783405, 51000, 51000
2016-01-28, 600000, 13.032223517731738, 65400, 65400
2016-01-28, 600516, 13.137494313959941, 54600, 54600
2016-01-29, 600000, 12.99991166634847, 65400, 65400
2016-01-29, 600111, 35.27915873165296, 51000, 51000
2016-01-29, 600516, 13.189322110302161, 54600, 54600
2016-02-01, 600000, 12.967301323696503, 65400, 65400
2016-02-01, 600111, 35.566149201525526, 51000, 51000
2016-02-02, 600000, 12.934389732365362, 65400, 65400
2016-02-02, 600111, 35.85630867000762, 51000, 51000
2016-02-03, 600000, 12.901174109472095, 65400, 65400
2016-02-03, 600111, 36.14991213764295, 51000, 51000
2016-02-04, 002230, 63.26390182460717, 62400, 62400
2016-02-15, 600000, 12.951527072113258, 66000, 65400
2016-02-15, 600111, 36.44700048240192, 51000, 51000
2016-02-15, 002230, 63.61870752035764, 62400, 62400
2016-02-16, 600060, 26988.091571793877, 63000, 63000
2016-02-17, 600060, 27246.8285232964, 63000, 63000
2016-02-18, 600060, 27508.04734981734, 63000, 63000
2016-02-19, 600060, 27771.771858175056, 63000, 63000
2016-02-23, 600060, 28038.026083549365, 63000, 63000
2016-02-24, 600060, 28306.834291672054, 63000, 63000
2016-02-25, 600060, 28578.220981038387, 63000, 63000
2016-02-26, 002230, 63.971913280607545, 62400, 62400
2016-02-29, 600111, 36.74761506744916, 51000, 51000
2016-02-29, 600516, 13.241724171473665, 54600, 54600
2016-03-01, 600516, 13.295814885256666, 54600, 54600
2016-03-01, 002230, 64.34703858134857, 62400, 62400
2016-03-03, 600111, 36.46752652015324, 51600, 51000
2016-03-04, 600111, 36.19387679003653, 52200, 51600
2016-03-17, 600060, 28852.210885139822, 63000, 63000
2016-03-18, 600060, 29128.82897471821, 63000, 63000
2016-03-22, 600000, 13.001603404796922, 66600, 66000
2016-03-30, 600060, 28854.18228627747, 63600, 63000
2016-03-31, 600060, 28584.670769583292, 64200, 63600
2016-04-05, 600060, 28320.15039208715, 64800, 64200
2016-04-06, 600060, 28060.483324269837, 65400, 64800
2016-04-13, 600111, 35.93656000833157, 52800, 52200
2016-04-14, 600111, 35.684688547563795, 53400, 52800
2016-04-15, 600111, 35.437636452590866, 54000, 53400
2016-04-19, 600060, 27805.542930412837, 66000, 65400
2016-04-19, 600111, 35.198211876188765, 54600, 54000
2016-04-20, 600060, 27555.196057165875, 66600, 66000
2016-04-20, 600111, 34.96399218188236, 55200, 54600
2016-04-21, 600060, 27309.327967369754, 67200, 66600
2016-04-21, 600111, 34.74255140573309, 55800, 55200
2016-04-22, 600060, 27067.80860482666, 67800, 67200
2016-04-25, 600060, 26830.52931881941, 68400, 67800
2016-04-26, 600060, 26597.378716047067, 69000, 68400
2016-05-09, 600516, 13.350504937555073, 54600, 54600
2016-05-10, 600060, 26830.034050816914, 69000, 69000
2016-05-10, 600111, 34.98669652104432, 55800, 55800
2016-05-10, 600516, 13.405800969188189, 54600, 54600
2016-05-11, 600516, 13.461709694557234, 54600, 54600
2016-05-12, 600111, 35.23489738033746, 55800, 55800
2016-05-17, 600516, 13.518237902460664, 54600, 54600
2016-05-18, 600060, 27064.72574642388, 69000, 69000
2016-05-18, 600516, 13.575392456918502, 54600, 54600
2016-05-19, 600060, 27301.474427372155, 69000, 69000
2016-05-19, 600516, 13.633180298005813, 54600, 54600
2016-05-20, 600111, 35.005802727355146, 56400, 55800
2016-05-20, 600516, 13.691608442695419, 54600, 54600
2016-05-23, 600060, 27540.295296962053, 69000, 69000
2016-05-23, 600111, 34.781531119698776, 57000, 56400
2016-05-23, 600516, 13.75068398570993, 54600, 54600
2016-05-24, 600060, 27781.206492425634, 69000, 69000
2016-05-25, 600516, 13.810414100383253, 54600, 54600
2016-05-26, 600516, 13.870806039531605, 54600, 54600
2016-05-27, 600111, 34.56193183720192, 57600, 57000
2016-05-27, 600516, 13.931867136334207, 54600, 54600
2016-05-30, 600111, 34.34686037496272, 58200, 57600
2016-05-30, 600516, 13.99360480522372, 54600, 54600
2016-05-31, 600060, 28024.22630974459, 69000, 69000
2016-05-31, 600111, 34.13617812623861, 58800, 58200
2016-06-01, 600060, 28269.373205039734, 69000, 69000
2016-06-01, 600111, 33.94379248859984, 59400, 58800
2016-06-02, 600111, 33.75405456371384, 60000, 59400
2016-06-03, 600111, 33.5695589739741, 60600, 60000
2016-06-03, 600516, 13.94258736168868, 55200, 54600
2016-06-06, 600111, 33.3872103565822, 61200, 60600
2016-06-06, 600516, 13.89169932554149, 55800, 55200
2016-06-07, 600111, 33.20840248904257, 61800, 61200
2016-06-07, 002230, 64.04925726152621, 63000, 62400
2016-06-08, 600516, 13.841894013567645, 56400, 55800
2016-06-08, 002230, 63.74954728736087, 63600, 63000
2016-06-13, 002230, 63.47207488280609, 64200, 63600
2016-06-14, 600516, 13.900358946939713, 56400, 56400
2016-06-15, 600516, 13.95945084562433, 56400, 56400
2016-06-20, 600060, 28025.828263616975, 69600, 69000
2016-06-21, 600060, 27786.44460324418, 70200, 69600
2016-06-24, 600000, 12.977400384963687, 66600, 66600
2016-06-27, 600000, 12.95696874700662, 66600, 66600
2016-06-28, 600000, 12.936079681568236, 66600, 66600
2016-06-30, 600000, 12.91327779993057, 66600, 66600
2016-07-07, 600000, 12.889634182178463, 66600, 66600
2016-07-08, 600000, 12.865776110941287, 66600, 66600
2016-07-11, 600000, 12.841701641072673, 66600, 66600
2016-07-11, 600111, 33.03303323434023, 62400, 61800
2016-07-12, 600000, 12.817408809783288, 66600, 66600
2016-07-12, 600060, 27551.1182930472, 70800, 70200
2016-07-12, 600111, 32.863004346394135, 63000, 62400
2016-07-13, 600111, 32.69722128652249, 63600, 63000
2016-07-15, 600060, 27319.754525878732, 71400, 70800
2016-07-21, 600060, 27092.245488163077, 72000, 71400
2016-07-25, 600516, 13.917561889354602, 57000, 56400
2016-07-26, 600516, 13.886858119673825, 57600, 57000
2016-07-27, 600000, 12.792895636480818, 66600, 66600
2016-07-28, 600060, 27319.286469217855, 72000, 72000
2016-08-01, 600060, 27548.231349537797, 72000, 72000
2016-08-04, 600000, 12.768160122608476, 66600, 66600
2016-08-09, 600516, 13.861117314316362, 58200, 57600
2016-08-11, 600516, 13.836718158047828, 58800, 58200
2016-08-12, 600000, 12.7980872643709, 67200, 66600
2016-08-15, 600516, 13.812811914027142, 59400, 58800
2016-08-16, 600000, 12.835183837252574, 67800, 67200
2016-08-16, 600516, 13.787883794886872, 60000, 59400
2016-08-17, 600000, 12.869524329908252, 68400, 67800
2016-08-18, 600000, 12.902745857474267, 69000, 68400
2016-08-18, 600516, 13.76424138107611, 60600, 60000
2016-08-19, 600516, 13.741062544006736, 61200, 60600
2016-08-30, 600060, 27779.098358806343, 72000, 72000
2016-08-31, 600060, 28011.90135129366, 72000, 72000
2016-09-01, 600060, 28246.65656158882, 72000, 72000
2016-09-02, 600060, 28483.380360419393, 72000, 72000
2016-09-06, 600060, 28722.08925579309, 72000, 72000
2016-09-07, 600060, 28962.799894148946, 72000, 72000
2016-09-13, 600516, 13.718333781443564, 61800, 61200
2016-09-19, 600516, 13.697099802775838, 62400, 61800
2016-09-20, 600516, 13.67569885227321, 63000, 62400
2016-09-21, 600516, 13.654701693289502, 63600, 63000
2016-09-22, 600516, 13.634097004567169, 64200, 63600
2016-09-27, 600516, 13.663688342726488, 64200, 64200
2016-09-30, 600516, 13.693558186063221, 64200, 64200
2016-10-21, 002230, 63.166870485743075, 64800, 64200
2016-10-25, 600060, 29205.52906151817, 72000, 72000
2016-10-25, 002230, 62.871027637250016, 65400, 64800
2016-10-27, 600060, 29450.293684694712, 72000, 72000
2016-10-28, 600060, 29697.110832415667, 72000, 72000
2016-10-31, 600516, 13.723709155788121, 64200, 64200
2016-11-04, 600516, 13.754143897782026, 64200, 64200
2016-11-07, 600060, 29945.99771655157, 72000, 72000
2016-11-07, 600111, 32.51257435861107, 64200, 63600
2016-11-08, 600060, 29698.653768480894, 72600, 72000
2016-11-08, 600111, 32.33236533677208, 64800, 64200
2016-11-09, 600060, 29455.365294968757, 73200, 72600
2016-11-09, 600111, 32.15638033368243, 65400, 64800
2016-11-09, 600516, 13.784865082828045, 64200, 64200
2016-11-10, 600060, 29216.032731595027, 73800, 73200
2016-11-11, 600060, 28980.561419243455, 74400, 73800
2016-11-11, 600111, 31.98441323973986, 66000, 65400
2016-11-14, 600000, 12.935394600082248, 69600, 69000
2016-11-14, 600060, 28748.858127889507, 75000, 74400
2016-11-15, 600111, 31.819418525868333, 66600, 66000
2016-11-16, 600111, 31.656388003315936, 67200, 66600
2016-11-17, 600111, 31.496154481162698, 67800, 67200
2016-11-18, 600060, 28520.83266655705, 75600, 75000
2016-11-21, 600000, 12.967143364184109, 70200, 69600
2016-11-22, 600000, 12.998354013640176, 70800, 70200
2016-11-22, 600060, 28296.39815737156, 76200, 75600
2016-11-23, 600060, 28075.470437392094, 76800, 76200
2016-11-24, 600000, 13.031813223609586, 71400, 70800
2016-11-24, 600060, 27857.967953381303, 77400, 76800
2016-11-24, 600516, 13.815875406845935, 64200, 64200
2016-11-25, 600000, 13.064381446746173, 72000, 71400
2016-11-25, 600060, 27643.813815278372, 78000, 77400
2016-11-25, 600516, 13.847177591128666, 64200, 64200
2016-11-28, 600060, 27432.932335772428, 78600, 78000
2016-11-29, 600000, 13.099055980244138, 72600, 72000
2016-11-29, 600060, 27225.246408986273, 79200, 78600
2016-11-29, 600516, 13.878774382581243, 64200, 64200
2016-11-30, 600000, 13.1335719148323, 73200, 72600
2016-11-30, 600060, 27020.682375836, 79800, 79200
2016-12-01, 600000, 13.166713606581633, 73800, 73200
2016-12-01, 600060, 26819.17153721036, 80400, 79800
2016-12-02, 600060, 26620.646044342135, 81000, 80400
2016-12-05, 600000, 13.199240109754362, 74400, 73800
2016-12-06, 600000, 13.232446188876324, 75000, 74400
2016-12-08, 600060, 26818.805702692633, 81000, 81000
2016-12-09, 600000, 13.265125187377306, 75600, 75000
2016-12-09, 600060, 27018.44140554018, 81000, 81000
2016-12-12, 600000, 13.297604516610555, 76200, 75600
2016-12-12, 600060, 27219.564147591645, 81000, 81000
2016-12-13, 600060, 27422.187538030583, 81000, 81000
2016-12-13, 600111, 31.6644935561455, 67800, 67800
2016-12-13, 600516, 13.922621429273086, 64200, 64200
2016-12-14, 600060, 27626.322754832432, 81000, 81000
2016-12-14, 600111, 31.834332303677783, 67800, 67800
2016-12-14, 600516, 13.966787034648995, 64200, 64200
2016-12-14, 002230, 63.197963801156746, 65400, 65400
2016-12-15, 600060, 27831.978675630304, 81000, 81000
2016-12-15, 600111, 32.00657494800289, 67800, 67800
2016-12-15, 600516, 14.013250656588978, 64200, 64200
2016-12-15, 002230, 63.52792014453849, 65400, 65400
2016-12-16, 600000, 13.271050992729876, 76200, 76200
2016-12-16, 600111, 32.18035204037918, 67800, 67800
2016-12-16, 002230, 63.860924567288485, 65400, 65400
2016-12-19, 600000, 13.244603975174751, 76200, 76200
2016-12-19, 002230, 64.19700522703431, 65400, 65400
2016-12-20, 600000, 13.219056383670646, 76200, 76200
2016-12-20, 600516, 14.059492760897282, 64200, 64200
2016-12-20, 002230, 64.53619054151879, 65400, 65400
2016-12-21, 002230, 64.87850919100298, 65400, 65400
2016-12-22, 600000, 13.19489058802505, 76200, 76200
2016-12-22, 002230, 65.22399012069116, 65400, 65400
2016-12-23, 600000, 13.1715630798329, 76200, 76200
2016-12-23, 600111, 32.355855423494454, 67800, 67800
2016-12-23, 002230, 65.57266254317838, 65400, 65400
2016-12-26, 600000, 13.1480508000203, 76200, 76200
2016-12-26, 600060, 28039.168266517172, 81000, 81000
2016-12-26, 600111, 32.53292230341537, 67800, 67800
2016-12-26, 600516, 14.10617008261262, 64200, 64200
2016-12-27, 600000, 13.124352285055378, 76200, 76200
2016-12-27, 600111, 32.71156660877517, 67800, 67800
2016-12-28, 600000, 13.100466059813975, 76200, 76200
2016-12-28, 600111, 32.891802392292355, 67800, 67800
2016-12-29, 600000, 13.076390637487828, 76200, 76200
2016-12-30, 600000, 13.05212451949202, 76200, 76200
2017-01-03, 002230, 65.92455594092058, 65400, 65400
2017-01-04, 600111, 33.07364383187604, 67800, 67800
2017-01-04, 002230, 66.2797000687275, 65400, 65400
2017-01-05, 600111, 33.25710523174125, 67800, 67800
2017-01-06, 600000, 13.027666195371701, 76200, 76200
2017-01-06, 600111, 33.442201023534146, 67800, 67800
2017-01-09, 600000, 13.003014142708066, 76200, 76200
2017-01-09, 600111, 33.62894576746726, 67800, 67800
2017-01-10, 600000, 12.9781668270236, 76200, 76200
2017-01-10, 600111, 33.81735415346484, 67800, 67800
2017-01-11, 600111, 34.00744100231843, 67800, 67800
2017-01-11, 002230, 65.93352097719361, 66000, 65400
2017-01-12, 600000, 12.953122701686555, 76200, 76200
2017-01-12, 600516, 14.153286717876249, 64200, 64200
2017-01-13, 600000, 12.927880207814678, 76200, 76200
2017-01-13, 600060, 28247.89885461923, 81000, 81000
2017-01-13, 600516, 14.200846801381134, 64200, 64200
2017-01-16, 600000, 12.902437774178189, 76200, 76200
2017-01-16, 600060, 28458.184227577593, 81000, 81000
2017-01-17, 600060, 28670.035966617466, 81000, 81000
2017-01-17, 600516, 14.252148606230033, 64200, 64200
2017-01-17, 002230, 66.2956565813092, 66000, 66000
2017-01-18, 600060, 28883.46573922988, 81000, 81000
2017-01-18, 600111, 34.20323015574155, 67800, 67800
2017-01-18, 600516, 14.303839131806093, 64200, 64200
2017-01-19, 600060, 29098.485821227707, 81000, 81000
2017-01-19, 600111, 34.40138712957344, 67800, 67800
2017-01-19, 002230, 66.6605577142963, 66000, 66000
2017-01-20, 600000, 12.931246854067421, 76800, 76200
2017-01-20, 600060, 29315.10753703653, 81000, 81000
2017-01-20, 600111, 34.60130941294011, 67800, 67800
2017-01-23, 600000, 12.959609281555272, 77400, 76800
2017-01-24, 600000, 12.987535364004845, 78000, 77400
2017-02-07, 002230, 66.33064277993327, 66600, 66000
2017-02-08, 600000, 13.015035094050608, 78600, 78000
2017-02-08, 002230, 66.00483346939816, 67200, 66600
2017-02-09, 600000, 13.04211816151992, 79200, 78600
2017-02-09, 002230, 65.68700308471323, 67800, 67200
2017-02-10, 002230, 65.37422235589995, 68400, 67800
2017-02-16, 600060, 29099.68762867597, 81600, 81000
2017-02-16, 002230, 65.0668812919356, 69000, 68400
2017-02-17, 600000, 13.068793964816763, 79800, 79200
2017-02-17, 600060, 28887.413120437457, 82200, 81600
2017-02-20, 600060, 28678.215054347333, 82800, 82200
2017-02-21, 002230, 64.76483921183271, 69600, 69000
2017-02-22, 600060, 28472.03350719375, 83400, 82800
2017-02-22, 600111, 34.411385646159935, 68400, 67800
2017-02-22, 002230, 64.47343032968028, 70200, 69600
2017-02-23, 600060, 28268.79705357094, 84000, 83400
2017-02-23, 600111, 34.22476490141072, 69000, 68400
2017-02-24, 600060, 28068.444095744195, 84600, 84000
2017-02-24, 002230, 64.18865549637792, 70800, 70200
2017-02-27, 600000, 13.095071621795743, 80400, 79800
2017-02-27, 600060, 27870.911742957265, 85200, 84600
2017-02-27, 002230, 63.908414693887345, 71400, 70800
2017-02-28, 600000, 13.069218591421642, 80400, 80400
2017-02-28, 600060, 27676.142080419104, 85800, 85200
2017-02-28, 600111, 34.041361755708905, 69600, 69000
2017-02-28, 002230, 63.63601123810495, 72000, 71400
2017-03-01, 600000, 13.043171542738262, 80400, 80400
2017-03-01, 600060, 27484.077968749527, 86400, 85800
2017-03-01, 600111, 33.86109370651481, 70200, 69600
2017-03-02, 600000, 13.016929019703362, 80400, 80400
2017-03-02, 600060, 27294.663431034012, 87000, 86400
2017-03-02, 600111, 33.683881047985025, 70800, 70200
2017-03-03, 600060, 27107.843613013232, 87600, 87000
2017-03-03, 600516, 14.257785065770852, 64800, 64200
2017-03-06, 600060, 26923.567738094775, 88200, 87600
2017-03-06, 600111, 33.510234988758256, 71400, 70800
2017-03-06, 002230, 63.36811031878177, 72600, 72000
2017-03-07, 600060, 26741.784172296837, 88800, 88200
2017-03-07, 002230, 63.110994660431096, 73200, 72600
2017-03-08, 600516, 14.215053092690384, 65400, 64800
2017-03-09, 600516, 14.173098064575019, 66000, 65400
2017-03-09, 002230, 62.87253128920808, 73800, 73200
2017-03-10, 600060, 26562.44065436196, 89400, 88800
2017-03-10, 002230, 62.63718829494027, 74400, 73800
2017-03-13, 600060, 26385.487983332878, 90000, 89400
2017-03-14, 002230, 62.41353078858075, 75000, 74400
2017-03-15, 600060, 26562.151328396318, 90000, 90000
2017-03-16, 600060, 26739.99861215947, 90000, 90000
2017-03-16, 002230, 62.19191546486186, 75600, 75000
2017-03-17, 600060, 26919.03870520858, 90000, 90000
2017-03-17, 600111, 33.3394830305186, 72000, 71400
2017-03-17, 002230, 61.9745775478157, 76200, 75600
2017-03-20, 600060, 27099.279398538853, 90000, 90000
2017-03-21, 600060, 27280.727999334427, 90000, 90000
2017-03-21, 002230, 61.76063553572339, 76800, 76200
2017-03-22, 600060, 27463.392332749052, 90000, 90000
2017-03-22, 002230, 61.554196500562746, 77400, 76800
2017-03-23, 600060, 27647.28054437215, 90000, 90000
2017-03-23, 002230, 61.35777960440457, 78000, 77400
2017-03-24, 600000, 12.9958178668683, 80400, 80400
2017-03-24, 002230, 61.16184235551599, 78600, 78000
2017-03-27, 002230, 60.97402536797419, 79200, 78600
2017-03-29, 600000, 12.974548281922159, 80400, 80400
2017-03-29, 600060, 27832.400834369793, 90000, 90000
2017-03-30, 600000, 12.953194122526295, 80400, 80400
2017-03-30, 600060, 28018.76145785037, 90000, 90000
2017-03-31, 600060, 28206.370725232755, 90000, 90000
2017-04-05, 600060, 28395.23700261684, 90000, 90000
2017-04-05, 002230, 60.787228184756344, 79800, 79200
2017-04-07, 600060, 28585.36871215664, 90000, 90000
2017-04-11, 002230, 60.99801932987712, 79800, 79800
2017-04-12, 600000, 12.932129987183556, 80400, 80400
2017-04-12, 002230, 61.20896768536541, 79800, 79800
2017-04-13, 600000, 12.910907772580227, 80400, 80400
2017-04-14, 600000, 12.88997657223137, 80400, 80400
2017-04-14, 600111, 33.16791705505977, 72600, 72000
2017-04-14, 002230, 61.42415760122058, 79800, 79800
2017-04-17, 600000, 12.870689409641683, 80400, 80400
2017-04-17, 600111, 32.999983308706824, 73200, 72600
2017-04-17, 002230, 61.64097465620452, 79800, 79800
2017-04-18, 600000, 12.85088227016937, 80400, 80400
2017-04-19, 600000, 12.832877697437821, 80400, 80400
2017-04-19, 002230, 61.87750292309587, 79800, 79800
2017-04-20, 600000, 12.816163892617013, 80400, 80400
2017-04-20, 600060, 28776.774332435853, 90000, 90000
2017-04-20, 002230, 62.11302195552255, 79800, 79800
2017-04-21, 600000, 12.800825589127696, 80400, 80400
2017-04-21, 600111, 33.17235357528781, 73200, 73200
2017-04-21, 600516, 14.130367451380648, 66600, 66000
2017-04-21, 002230, 62.35032184385836, 79800, 79800
2017-04-24, 600000, 12.784321523846701, 80400, 80400
2017-04-24, 600111, 33.347382554460445, 73200, 73200
2017-04-24, 002230, 62.58941605388454, 79800, 79800
2017-04-25, 600060, 28586.320992485944, 90600, 90000
2017-04-25, 600111, 33.52962823692792, 73200, 73200
2017-04-25, 002230, 62.830318153202626, 79800, 79800
2017-04-26, 600000, 12.767693601099264, 80400, 80400
2017-04-26, 600060, 28398.373683324855, 91200, 90600
2017-04-26, 600111, 33.71387181347255, 73200, 73200
2017-04-26, 600516, 14.088132027707607, 67200, 66600
2017-04-27, 600111, 33.899469970480475, 73200, 73200
2017-04-27, 600516, 14.046644133657097, 67800, 67200
2017-04-27, 002230, 63.07304181200435, 79800, 79800
2017-04-28, 600060, 28586.016105808252, 91200, 91200
2017-04-28, 600516, 14.007287606168877, 68400, 67800
2017-05-02, 600111, 34.08544419317052, 73200, 73200
2017-05-02, 600516, 13.968528583506538, 69000, 68400
2017-05-03, 600111, 34.27262232187844, 73200, 73200
2017-05-03, 600516, 13.93138609571769, 69600, 69000
2017-05-04, 600000, 12.750940891376699, 80400, 80400
2017-05-04, 600060, 28774.917714432955, 91200, 91200
2017-05-04, 600111, 34.461344181194505, 73200, 73200
2017-05-04, 600516, 13.896673394044889, 70200, 69600
2017-05-05, 600060, 28965.06858648973, 91200, 91200
2017-05-05, 600111, 34.65162250286365, 73200, 73200
2017-05-05, 600516, 13.862549043247897, 70800, 70200
2017-05-05, 002230, 63.31760080384735, 79800, 79800
2017-05-08, 600000, 12.735038064529451, 80400, 80400
2017-05-08, 600060, 29156.47724601112, 91200, 91200
2017-05-08, 600111, 34.84347012363445, 73200, 73200
2017-05-08, 600516, 13.828998210951697, 71400, 70800
2017-05-08, 002230, 63.564009006436784, 79800, 79800
2017-05-09, 600000, 12.719466172155077, 80400, 80400
2017-05-09, 600060, 29349.15114942286, 91200, 91200
2017-05-09, 600516, 13.795756559193764, 72000, 71400
2017-05-10, 600000, 12.704527884370188, 80400, 80400
2017-05-10, 600060, 29543.099521452834, 91200, 91200
2017-05-10, 600111, 35.03689998612509, 73200, 73200
2017-05-10, 600516, 13.763477579365718, 72600, 72000
2017-05-11, 600000, 12.69060318937009, 80400, 80400
2017-05-11, 600060, 29738.333036244647, 91200, 91200
2017-05-11, 600111, 35.23472925153591, 73200, 73200
2017-05-11, 600516, 13.731727763141409, 73200, 72600
2017-05-12, 600060, 29934.857347619356, 91200, 91200
2017-05-12, 600111, 35.43476740875276, 73200, 73200
2017-05-12, 600516, 13.700494204091479, 73800, 73200
2017-05-12, 002230, 63.834208490700476, 79800, 79800
2017-05-15, 600000, 12.709635758337718, 81000, 80400
2017-05-15, 600060, 30132.680989745997, 91200, 91200
2017-05-15, 600111, 35.63719762311816, 73200, 73200
2017-05-15, 600516, 13.671457960510097, 74400, 73800
2017-05-16, 600060, 30331.812553217722, 91200, 91200
2017-05-16, 600111, 35.84170972734446, 73200, 73200
2017-05-16, 600516, 13.642886296826015, 75000, 74400
2017-05-18, 600060, 30532.260685424837, 91200, 91200
2017-05-18, 600516, 13.615720532565492, 75600, 75000
2017-05-19, 600060, 30734.034090930316, 91200, 91200
2017-05-22, 600060, 30937.141531847818, 91200, 91200
2017-05-22, 600516, 13.588982575616155, 76200, 75600
2017-05-23, 600000, 12.728829613055824, 81600, 81000
2017-05-23, 600111, 36.04790852219648, 73200, 73200
2017-05-24, 600000, 12.748911148726949, 82200, 81600
2017-05-24, 600111, 36.255807918465855, 73200, 73200
2017-05-24, 600516, 13.562662399244154, 76800, 76200
2017-05-24, 002230, 64.10350211417591, 79800, 79800
2017-05-25, 600060, 31141.59182822216, 91200, 91200
2017-05-25, 600516, 13.539540985296522, 77400, 76800
2017-05-26, 600000, 12.74794903194494, 82200, 82200
2017-05-26, 600516, 13.517159900794242, 78000, 77400
2017-05-31, 600000, 12.747640402022009, 82200, 82200
2017-05-31, 600516, 13.495120512238561, 78600, 78000
2017-06-01, 600000, 12.74732950693293, 82200, 82200
2017-06-01, 600060, 31347.39385841235, 91200, 91200
2017-06-01, 600111, 36.465421941671885, 73200, 73200
2017-06-01, 600516, 13.474172629570086, 79200, 78600
2017-06-02, 600000, 12.746429176058937, 82200, 82200
2017-06-02, 600060, 31554.556559477125, 91200, 91200
2017-06-05, 600000, 12.745742420021747, 82200, 82200
2017-06-05, 600111, 36.67676473300779, 73200, 73200
2017-06-05, 600516, 13.453539752656026, 79800, 79200
2017-06-05, 002230, 63.85064015809997, 80400, 79800
2017-06-06, 600000, 12.745344200587056, 82200, 82200
2017-06-06, 600111, 36.8898505502947, 73200, 73200
2017-06-06, 600516, 13.433662590322772, 80400, 79800
2017-06-06, 002230, 63.60196874952145, 81000, 80400
2017-06-07, 600111, 37.10469376894351, 73200, 73200
2017-06-07, 600516, 13.414376200764826, 81000, 80400
2017-06-08, 600000, 12.74501645269994, 82200, 82200
2017-06-08, 600516, 13.39537343458273, 81600, 81000
2017-06-09, 600000, 12.74468629933181, 82200, 82200
2017-06-09, 600516, 13.37664808104563, 82200, 81600
2017-06-12, 600000, 12.744353722827825, 82200, 82200
2017-06-12, 600111, 37.321308882924704, 73200, 73200
2017-06-12, 600516, 13.35819410944385, 82800, 82200
2017-06-13, 600111, 37.539710505746164, 73200, 73200
2017-06-14, 600516, 13.340005662613319, 83400, 82800
2017-06-15, 600516, 13.32207705073751, 84000, 83400
2017-06-16, 600516, 13.306317639030151, 84600, 84000
2017-06-19, 600516, 13.291202726079236, 85200, 84600
2017-06-20, 600516, 13.27825725247029, 85800, 85200
2017-06-21, 600516, 13.264797132661467, 86400, 85800
2017-06-22, 600000, 12.744018705403558, 82200, 82200
2017-06-22, 600516, 13.251522669677597, 87000, 86400
2017-06-23, 002230, 63.378939567539675, 81600, 81000
2017-06-26, 600000, 12.743681229144059, 82200, 82200
2017-06-27, 600060, 31348.4165819642, 91800, 91200
2017-06-27, 600516, 13.250758815775695, 87600, 87000
2017-06-27, 002230, 63.182596942959094, 82200, 81600
2017-06-28, 600000, 12.74334127600289, 82200, 82200
2017-06-28, 600060, 31144.95374701638, 92400, 91800
2017-06-28, 600516, 13.24973324560035, 88200, 87600
2017-06-28, 002230, 62.98728826945939, 82800, 82200
2017-06-29, 600000, 12.742998827801165, 82200, 82200
2017-06-29, 600060, 30944.116238971117, 93000, 92400
2017-06-29, 600516, 13.250545858805753, 88800, 88200
2017-06-29, 002230, 62.8068041811899, 83400, 82800
2017-06-30, 600060, 30745.853570772582, 93600, 93000
2017-06-30, 600516, 13.253159644988264, 89400, 88800
2017-06-30, 002230, 62.64496986560997, 84000, 83400
2017-07-03, 600060, 30550.116541659383, 94200, 93600
2017-07-03, 600516, 13.259938580688342, 90000, 89400
2017-07-03, 002230, 62.484367242449615, 84600, 84000
2017-07-04, 600516, 13.270667464259944, 90600, 90000
2017-07-04, 002230, 62.351097050601375, 85200, 84600
2017-07-05, 002230, 62.221089378918855, 85800, 85200
2017-07-06, 600111, 37.329875460984, 73800, 73200
2017-07-06, 600516, 13.285992020416128, 91200, 90600
2017-07-06, 002230, 62.092748480454134, 86400, 85800
2017-07-07, 600111, 37.12705388468573, 74400, 73800
2017-07-07, 002230, 61.95872952541652, 87000, 86400
2017-07-10, 600111, 36.93723745360825, 75000, 74400
2017-07-10, 002230, 61.83065603551641, 87600, 87000
2017-07-11, 600000, 12.742653866226572, 82200, 82200
2017-07-11, 600516, 13.322488804596414, 91800, 91200
2017-07-11, 002230, 61.70480123255371, 88200, 87600
2017-07-12, 600000, 12.742306372832402, 82200, 82200
2017-07-12, 600111, 36.74852921984945, 75600, 75000
2017-07-13, 600000, 12.741956329036555, 82200, 82200
2017-07-13, 600060, 30745.545140824634, 94200, 94200
2017-07-13, 600111, 36.56287150945693, 76200, 75600
2017-07-13, 600516, 13.362862253917218, 92400, 91800
2017-07-14, 600516, 13.397101852279041, 93000, 92400
2017-07-17, 600000, 12.748463891869623, 82800, 82200
2017-07-17, 600060, 30942.22479983204, 94200, 94200
2017-07-17, 600111, 36.3851147007893, 76800, 76200
2017-07-17, 600516, 13.434748635277252, 93600, 93000
2017-07-18, 600111, 36.2101138116359, 77400, 76800
2017-07-18, 600516, 13.473253421039818, 94200, 93600
2017-07-19, 600000, 12.75459005092092, 83400, 82800
2017-07-19, 600060, 31140.16826143209, 94200, 94200
2017-07-19, 600111, 36.03965139770024, 78000, 77400
2017-07-19, 600516, 13.523485994324377, 94800, 94200
2017-07-19, 002230, 61.580647170171595, 88800, 88200
2017-07-20, 600111, 35.874539554969715, 78600, 78000
2017-07-20, 600516, 13.584973503794034, 95400, 94800
2017-07-20, 002230, 61.45822671936507, 89400, 88800
2017-07-21, 600111, 35.71253546743206, 79200, 78600
2017-07-21, 600516, 13.649254919395322, 96000, 95400
2017-07-21, 002230, 61.362971874569304, 90000, 89400
2017-07-24, 600000, 12.761128693414342, 84000, 83400
2017-07-24, 002230, 61.26083298798275, 90600, 90000
2017-07-25, 600000, 12.767929199134807, 84600, 84000
2017-07-25, 600516, 13.725967621759326, 96600, 96000
2017-07-26, 600111, 35.55296753158671, 79800, 79200
2017-07-26, 600516, 13.811424611748466, 97200, 96600
2017-07-27, 600111, 35.40100508732114, 80400, 79800
2017-07-27, 600516, 13.902152068118106, 97800, 97200
2017-07-27, 002230, 61.162669613061816, 91200, 90600
2017-07-28, 600111, 35.255812457044684, 81000, 80400
2017-07-28, 002230, 61.08487438683265, 91800, 91200
2017-08-01, 002230, 61.008089488216854, 92400, 91800
2017-08-02, 600111, 35.130181483095825, 81600, 81000
2017-08-02, 002230, 60.92977923345416, 93000, 92400
2017-08-03, 600111, 35.00521665475206, 82200, 81600
2017-08-03, 600516, 14.025126750629582, 98400, 97800
2017-08-04, 600111, 34.8850339253698, 82800, 82200
2017-08-04, 600516, 14.1476411339591, 99000, 98400
2017-08-07, 600111, 34.766580443892316, 83400, 82800
2017-08-07, 600516, 14.25410112712802, 99600, 99000
2017-08-08, 600111, 34.65546201215023, 84000, 83400
2017-08-08, 600516, 14.366890940738033, 100200, 99600
2017-08-08, 002230, 60.85247295631664, 93600, 93000
2017-08-09, 600111, 34.548898451780374, 84600, 84000
2017-08-09, 002230, 60.77462281009806, 94200, 93600
2017-08-10, 600111, 34.44580761761291, 85200, 84600
2017-08-10, 002230, 60.697758108768326, 94800, 94200
2017-08-11, 002230, 60.62186025902765, 95400, 94800
2017-08-14, 600111, 34.345347424482746, 85800, 85200
2017-08-15, 600111, 34.24628251181273, 86400, 85800
2017-08-15, 600516, 14.478338018471735, 100800, 100200
2017-08-16, 002230, 60.58691113240872, 96000, 95400
2017-08-17, 002230, 60.57227193282854, 96600, 96000
2017-08-18, 002230, 60.566517167811085, 97200, 96600
2017-08-21, 002230, 60.56390049806991, 97800, 97200
2017-08-22, 600060, 30943.17105724581, 94800, 94200
2017-08-23, 600060, 30748.65180531345, 95400, 94800
2017-08-23, 002230, 60.564181592593876, 98400, 97800
2017-08-24, 600111, 34.36562792628046, 86400, 86400
2017-08-25, 600111, 34.485806465022115, 86400, 86400
2017-08-25, 002230, 60.56445927991149, 99000, 98400
2017-08-28, 600516, 14.591543118954151, 101400, 100800
2017-08-28, 002230, 60.57376976617708, 99600, 99000
