2013-11-29, 600516, 7.92, 300, B
2013-12-03, 002230, 47.19, 300, B
2013-12-04, 002230, 47.71, 300, B
2013-12-05, 002230, 47.8, 300, B
2013-12-06, 600516, 7.85, 300, B
2013-12-09, 600516, 7.85, 300, B
2013-12-10, 600060, 12.49, 300, B
2013-12-11, 002230, 47.8, 300, B
2013-12-16, 002230, 47.8, 300, B
2013-12-18, 600060, 11.63, 300, S
2013-12-18, 002230, 47.8, 300, B
2013-12-19, 600060, 11.63, 300, S
2013-12-19, 002230, 47.8, 300, B
2013-12-20, 600060, 11.63, 300, S
2013-12-23, 600060, 11.63, 300, S
2013-12-24, 600060, 11.63, 300, S
2013-12-25, 600060, 11.63, 300, S
2013-12-31, 002230, 47.8, 300, B
2014-01-02, 002230, 47.8, 300, B
2014-01-03, 002230, 47.8, 300, B
2014-01-13, 600516, 6.68, 300, S
2014-01-14, 600516, 6.49, 300, S
2014-01-14, 002230, 47.8, 300, B
2014-01-15, 002230, 48.36, 300, B
2014-01-16, 002230, 48.92, 300, B
2014-01-17, 600516, 6.62, 300, S
2014-01-17, 002230, 48.92, 300, B
2014-01-20, 600516, 6.52, 300, S
2014-01-20, 002230, 49.6, 300, B
2014-01-21, 600516, 6.52, 300, S
2014-01-21, 002230, 49.73, 300, B
2014-01-22, 002230, 49.73, 300, B
2014-01-23, 002230, 49.73, 300, B
2014-01-27, 600060, 11.63, 300, S
2014-01-27, 002230, 49.73, 300, B
2014-01-28, 600060, 11.63, 300, S
2014-01-29, 600516, 7.2, 300, B
2014-01-29, 002230, 49.73, 300, B
2014-01-30, 600516, 7.16, 300, B
2014-02-07, 600516, 7.16, 300, B
2014-02-07, 002230, 54.43, 300, B
2014-02-10, 600060, 11.6, 300, B
2014-02-10, 600516, 7.2, 300, B
2014-02-10, 002230, 55.13, 300, B
2014-02-11, 600060, 11.78, 300, B
2014-02-11, 600111, 22.51, 300, B
2014-02-11, 002230, 55.03, 300, B
2014-02-12, 600000, 9.58, 300, B
2014-02-12, 600516, 7.43, 300, B
2014-02-12, 002230, 54.23, 300, B
2014-02-13, 600000, 9.54, 300, B
2014-02-13, 600111, 22.51, 300, B
2014-02-13, 600516, 7.59, 300, B
2014-02-13, 002230, 55.38, 300, B
2014-02-14, 600111, 22.51, 300, B
2014-02-17, 600000, 9.63, 300, B
2014-02-17, 600060, 11.78, 300, B
2014-02-17, 600111, 22.51, 300, B
2014-02-18, 600060, 11.78, 300, B
2014-02-18, 600111, 22.51, 300, B
2014-02-18, 600516, 7.59, 300, B
2014-02-18, 002230, 55.38, 300, B
2014-02-19, 600060, 11.78, 300, B
2014-02-20, 600000, 9.63, 300, B
2014-02-20, 600111, 22.51, 300, B
2014-02-20, 002230, 55.38, 300, B
2014-02-21, 600060, 12.03, 300, B
2014-02-21, 600516, 7.64, 300, B
2014-02-21, 002230, 56.52, 300, B
2014-02-25, 600000, 8.97, 300, S
2014-02-25, 600060, 11.33, 300, S
2014-02-26, 600000, 8.79, 300, S
2014-02-26, 600060, 10.92, 300, S
2014-02-26, 600516, 6.88, 300, S
2014-02-26, 002230, 51.27, 300, S
2014-02-27, 600000, 8.81, 300, S
2014-02-27, 600060, 10.93, 300, S
2014-02-27, 600111, 20.76, 300, S
2014-02-27, 600516, 6.93, 300, S
2014-02-27, 002230, 50.41, 300, S
2014-02-28, 600000, 8.9, 300, S
2014-02-28, 600060, 10.63, 300, S
2014-02-28, 600111, 20.69, 300, S
2014-02-28, 600516, 6.92, 300, S
2014-02-28, 002230, 49.73, 300, S
2014-03-03, 600000, 8.87, 300, S
2014-03-03, 600060, 10.83, 300, S
2014-03-03, 002230, 50.37, 300, S
2014-03-04, 600000, 8.87, 300, S
2014-03-04, 600060, 10.83, 300, S
2014-03-04, 600111, 20.69, 300, S
2014-03-04, 600516, 6.95, 300, S
2014-03-05, 600000, 8.87, 300, S
2014-03-05, 600060, 10.76, 300, S
2014-03-06, 600060, 10.76, 300, S
2014-03-06, 600111, 20.69, 300, S
2014-03-06, 002230, 50.37, 300, S
2014-03-07, 600000, 8.87, 300, S
2014-03-07, 600060, 10.76, 300, S
2014-03-07, 002230, 50.37, 300, S
2014-03-10, 600111, 20.69, 300, S
2014-03-11, 600000, 8.4, 300, S
2014-03-11, 600060, 10.76, 300, S
2014-03-11, 600111, 20.12, 300, S
2014-03-11, 600516, 6.67, 300, S
2014-03-11, 002230, 46.75, 300, S
2014-03-12, 600000, 8.4, 300, S
2014-03-12, 600060, 10.76, 300, S
2014-03-12, 600111, 20.12, 300, S
2014-03-12, 002230, 46.75, 300, S
2014-03-13, 600060, 10.76, 300, S
2014-03-13, 002230, 44.85, 300, S
2014-03-14, 600111, 20.12, 300, S
2014-03-14, 600516, 7.47, 300, B
2014-03-14, 002230, 45.64, 300, S
2014-03-17, 600060, 10.76, 300, S
2014-03-17, 600111, 20.12, 300, S
2014-03-17, 600516, 7.71, 300, B
2014-03-18, 600000, 9.03, 300, B
2014-03-18, 600060, 10.76, 300, S
2014-03-19, 600000, 9.03, 300, B
2014-03-19, 600060, 11.91, 300, B
2014-03-19, 600111, 20.12, 300, S
2014-03-19, 600516, 7.71, 300, B
2014-03-19, 002230, 45.64, 300, S
2014-03-20, 600000, 9.09, 300, B
2014-03-20, 600060, 11.86, 300, B
2014-03-20, 600516, 7.99, 300, B
2014-03-20, 002230, 45.64, 300, S
2014-03-21, 600000, 9.09, 300, B
2014-03-21, 600060, 11.81, 300, B
2014-03-21, 600111, 20.12, 300, S
2014-03-21, 002230, 45.64, 300, S
2014-03-24, 600000, 9.93, 300, B
2014-03-24, 600060, 12.09, 300, B
2014-03-24, 600111, 20.12, 300, S
2014-03-24, 600516, 7.99, 300, B
2014-03-25, 600000, 9.84, 300, B
2014-03-25, 600111, 20.12, 300, S
2014-03-25, 002230, 45.64, 300, S
2014-03-26, 600000, 9.79, 300, B
2014-03-26, 600111, 20.12, 300, S
2014-03-26, 002230, 45.64, 300, S
2014-03-27, 600000, 9.79, 300, B
2014-03-28, 600000, 9.73, 300, B
2014-03-28, 002230, 45.64, 300, S
2014-03-31, 600000, 9.73, 300, B
2014-04-01, 600000, 9.76, 300, B
2014-04-02, 600000, 9.77, 300, B
2014-04-03, 600000, 9.98, 300, B
2014-04-03, 002230, 45.64, 300, S
2014-04-04, 600111, 21.04, 300, B
2014-04-04, 002230, 45.64, 300, S
2014-04-08, 600000, 9.98, 300, B
2014-04-08, 600060, 12.07, 300, B
2014-04-08, 600111, 20.88, 300, B
2014-04-08, 002230, 45.64, 300, S
2014-04-09, 600000, 10.18, 300, B
2014-04-09, 600060, 12.07, 300, B
2014-04-09, 600111, 21.26, 300, B
2014-04-10, 600000, 10.14, 300, B
2014-04-10, 600060, 12.07, 300, B
2014-04-10, 600111, 21.39, 300, B
2014-04-11, 600000, 10.27, 300, B
2014-04-11, 600060, 12.07, 300, B
2014-04-14, 600000, 10.29, 300, B
2014-04-14, 600060, 12.07, 300, B
2014-04-14, 600111, 21.34, 300, B
2014-04-16, 600060, 12.07, 300, B
2014-04-17, 600111, 20.08, 300, S
2014-04-18, 600111, 20.08, 300, S
2014-04-18, 002230, 27.35, 300, S
2014-04-21, 600111, 20.08, 300, S
2014-04-22, 600516, 7.3, 300, S
2014-04-22, 002230, 25.64, 300, S
2014-04-23, 600060, 11.36, 300, S
2014-04-23, 002230, 25.54, 300, S
2014-04-24, 600060, 11.36, 300, S
2014-04-24, 002230, 24.93, 300, S
2014-04-25, 002230, 24.93, 300, S
2014-04-28, 002230, 24.93, 300, S
2014-04-29, 002230, 24.93, 300, S
2014-04-30, 002230, 24.93, 300, S
2014-05-05, 002230, 24.93, 300, S
2014-05-08, 600060, 10.42, 300, S
2014-05-08, 002230, 24.93, 300, S
2014-05-09, 600060, 10.42, 300, S
2014-05-09, 002230, 24.93, 300, S
2014-05-12, 600111, 20.08, 300, S
2014-05-12, 600516, 7.3, 300, S
2014-05-13, 600516, 7.3, 300, S
2014-05-14, 600516, 7.3, 300, S
2014-05-15, 600516, 7.3, 300, S
2014-05-19, 600060, 10.42, 300, S
2014-05-20, 600060, 10.42, 300, S
2014-05-21, 600060, 10.42, 300, S
2014-05-22, 600516, 7.3, 300, S
2014-05-23, 600516, 7.3, 300, S
2014-05-26, 600516, 7.3, 300, S
2014-05-27, 600516, 7.3, 300, S
2014-05-28, 600516, 7.3, 300, S
2014-05-29, 600060, 10.42, 300, S
2014-06-04, 600060, 10.42, 300, S
2014-06-04, 600516, 7.3, 300, S
2014-06-10, 600060, 10.42, 300, S
2014-06-16, 600060, 9.84, 300, S
2014-06-16, 002230, 24.93, 300, S
2014-06-17, 600060, 9.84, 300, S
2014-06-19, 600516, 8.74, 300, B
2014-06-19, 002230, 26.81, 300, B
2014-06-20, 002230, 26.81, 300, B
2014-06-23, 600516, 8.78, 300, B
2014-06-23, 002230, 27.43, 300, B
2014-06-24, 600516, 8.97, 300, B
2014-06-24, 002230, 27.55, 300, B
2014-06-25, 600000, 9.0, 300, S
2014-06-26, 600516, 9.11, 300, B
2014-06-26, 002230, 27.25, 300, B
2014-06-27, 600516, 9.48, 300, B
2014-07-01, 002230, 27.67, 300, B
2014-07-02, 002230, 28.06, 300, B
2014-07-03, 600111, 20.09, 300, B
2014-07-03, 002230, 28.06, 300, B
2014-07-04, 600111, 19.87, 300, B
2014-07-04, 002230, 28.06, 300, B
2014-07-07, 002230, 28.06, 300, B
2014-07-08, 600516, 9.63, 300, B
2014-07-08, 002230, 28.06, 300, B
2014-07-09, 600000, 8.95, 300, S
2014-07-09, 600111, 19.87, 300, B
2014-07-10, 600000, 8.95, 300, S
2014-07-10, 600111, 19.87, 300, B
2014-07-10, 002230, 26.04, 300, S
2014-07-11, 600000, 8.95, 300, S
2014-07-11, 600111, 20.12, 300, B
2014-07-11, 600516, 9.63, 300, B
2014-07-11, 002230, 26.05, 300, S
2014-07-14, 600000, 8.95, 300, S
2014-07-14, 600111, 20.12, 300, B
2014-07-14, 600516, 9.84, 300, B
2014-07-15, 600111, 20.45, 300, B
2014-07-16, 600111, 20.7, 300, B
2014-07-16, 600516, 10.05, 300, B
2014-07-16, 002230, 26.05, 300, S
2014-07-17, 600060, 9.84, 300, S
2014-07-21, 600060, 9.84, 300, S
2014-07-22, 600060, 9.84, 300, S
2014-07-23, 600060, 9.84, 300, S
2014-07-24, 600060, 9.84, 300, S
2014-07-24, 600111, 20.7, 300, B
2014-07-25, 600000, 9.36, 300, B
2014-07-25, 600060, 9.84, 300, S
2014-07-28, 600111, 21.87, 300, B
2014-07-29, 600000, 9.8, 300, B
2014-07-29, 600111, 22.04, 300, B
2014-07-30, 600000, 9.82, 300, B
2014-07-30, 600111, 21.92, 300, B
2014-07-31, 600000, 9.75, 300, B
2014-07-31, 600111, 21.79, 300, B
2014-08-01, 600000, 9.84, 300, B
2014-08-01, 600111, 22.26, 300, B
2014-08-04, 600000, 9.8, 300, B
2014-08-04, 600111, 22.26, 300, B
2014-08-05, 600060, 10.29, 300, B
2014-08-06, 600111, 23.82, 300, B
2014-08-06, 600516, 10.05, 300, B
2014-08-07, 600111, 24.45, 300, B
2014-08-07, 600516, 10.57, 300, B
2014-08-08, 600111, 23.89, 300, B
2014-08-08, 600516, 10.39, 300, B
2014-08-11, 600111, 23.89, 300, B
2014-08-11, 600516, 10.52, 300, B
2014-08-12, 600060, 10.29, 300, B
2014-08-12, 600111, 24.22, 300, B
2014-08-12, 600516, 11.28, 300, B
2014-08-12, 002230, 26.05, 300, S
2014-08-13, 002230, 26.05, 300, S
2014-08-14, 600060, 10.47, 300, B
2014-08-14, 600516, 11.1, 300, B
2014-08-15, 600060, 10.47, 300, B
2014-08-18, 600060, 10.47, 300, B
2014-08-18, 600516, 11.1, 300, B
2014-08-19, 600516, 11.33, 300, B
2014-08-20, 600060, 10.64, 300, B
2014-08-21, 600060, 10.58, 300, B
2014-08-22, 002230, 27.46, 300, B
2014-08-25, 600060, 10.11, 300, S
2014-08-25, 002230, 27.46, 300, B
2014-08-26, 600060, 9.98, 300, S
2014-08-27, 600111, 22.29, 300, S
2014-08-27, 600516, 11.33, 300, B
2014-08-28, 600060, 9.86, 300, S
2014-08-28, 600111, 22.25, 300, S
2014-08-29, 600111, 21.91, 300, S
2014-09-01, 002230, 27.46, 300, B
2014-09-02, 002230, 27.46, 300, B
2014-09-03, 600516, 11.33, 300, B
2014-09-04, 002230, 27.46, 300, B
2014-09-05, 600516, 11.33, 300, B
2014-09-05, 002230, 28.94, 300, B
2014-09-09, 600516, 11.33, 300, B
2014-09-09, 002230, 28.94, 300, B
2014-09-11, 600516, 11.33, 300, B
2014-09-12, 600060, 11.47, 300, B
2014-09-12, 600516, 11.33, 300, B
2014-09-15, 600060, 11.4, 300, B
2014-09-16, 600060, 12.55, 300, B
2014-09-16, 600111, 21.91, 300, S
2014-09-17, 600060, 12.14, 300, B
2014-09-17, 600111, 21.91, 300, S
2014-09-17, 600516, 10.47, 300, S
2014-09-17, 002230, 26.84, 300, S
2014-09-18, 600111, 21.91, 300, S
2014-09-18, 600516, 10.47, 300, S
2014-09-18, 002230, 26.84, 300, S
2014-09-19, 600000, 9.77, 300, B
2014-09-19, 002230, 26.84, 300, S
2014-09-22, 600111, 21.91, 300, S
2014-09-22, 600516, 10.47, 300, S
2014-09-22, 002230, 26.84, 300, S
2014-09-23, 002230, 26.84, 300, S
2014-09-24, 600111, 21.91, 300, S
2014-09-24, 600516, 10.47, 300, S
2014-09-25, 600111, 21.91, 300, S
2014-09-25, 002230, 29.14, 300, B
2014-09-26, 600111, 21.91, 300, S
2014-09-29, 600111, 21.91, 300, S
2014-09-29, 002230, 31.33, 300, B
2014-09-30, 600111, 21.91, 300, S
2014-09-30, 002230, 31.59, 300, B
2014-10-08, 600111, 21.91, 300, S
2014-10-08, 002230, 31.38, 300, B
2014-10-09, 600000, 9.89, 300, B
2014-10-09, 600111, 21.91, 300, S
2014-10-09, 002230, 30.93, 300, B
2014-10-10, 600000, 9.89, 300, B
2014-10-10, 002230, 30.93, 300, B
2014-10-16, 600000, 9.89, 300, B
2014-10-16, 600111, 21.91, 300, S
2014-10-16, 600516, 10.47, 300, S
2014-10-17, 600000, 9.93, 300, B
2014-10-17, 600111, 21.91, 300, S
2014-10-17, 600516, 10.31, 300, S
2014-10-20, 600000, 9.93, 300, B
2014-10-20, 600111, 21.91, 300, S
2014-10-21, 600516, 10.1, 300, S
2014-10-21, 002230, 30.99, 300, B
2014-10-22, 002230, 30.95, 300, B
2014-10-23, 002230, 31.26, 300, B
2014-10-27, 600111, 20.56, 300, S
2014-10-29, 600516, 10.1, 300, S
2014-11-03, 600000, 10.24, 300, B
2014-11-03, 600111, 22.06, 300, B
2014-11-03, 600516, 10.1, 300, S
2014-11-04, 600000, 10.2, 300, B
2014-11-04, 600111, 22.02, 300, B
2014-11-04, 002230, 29.31, 300, S
2014-11-05, 600516, 10.1, 300, S
2014-11-06, 600516, 10.1, 300, S
2014-11-06, 002230, 29.31, 300, S
2014-11-07, 600000, 10.2, 300, B
2014-11-07, 600516, 10.1, 300, S
2014-11-12, 600000, 10.96, 300, B
2014-11-12, 600060, 10.87, 300, S
2014-11-12, 600516, 9.58, 300, S
2014-11-13, 600000, 11.09, 300, B
2014-11-13, 600060, 10.87, 300, S
2014-11-13, 600111, 22.02, 300, B
2014-11-13, 600516, 9.58, 300, S
2014-11-13, 002230, 29.31, 300, S
2014-11-14, 600000, 10.98, 300, B
2014-11-14, 600060, 10.87, 300, S
2014-11-14, 002230, 28.39, 300, S
2014-11-17, 600000, 10.94, 300, B
2014-11-17, 600516, 10.27, 300, B
2014-11-17, 002230, 28.16, 300, S
2014-11-18, 600516, 10.27, 300, B
2014-11-19, 600516, 10.27, 300, B
2014-11-24, 600000, 10.94, 300, B
2014-11-24, 600516, 10.27, 300, B
2014-11-25, 600000, 10.9, 300, B
2014-11-25, 600111, 22.83, 300, B
2014-11-25, 600516, 10.7, 300, B
2014-11-26, 600000, 11.12, 300, B
2014-11-26, 600516, 10.81, 300, B
2014-11-27, 600000, 11.36, 300, B
2014-11-27, 600111, 22.85, 300, B
2014-11-27, 600516, 11.29, 300, B
2014-11-28, 600000, 11.52, 300, B
2014-11-28, 600111, 22.88, 300, B
2014-11-28, 600516, 11.2, 300, B
2014-12-01, 600000, 12.44, 300, B
2014-12-01, 600111, 22.88, 300, B
2014-12-02, 600000, 12.2, 300, B
2014-12-02, 600111, 22.88, 300, B
2014-12-03, 600000, 12.92, 300, B
2014-12-03, 600111, 23.0, 300, B
2014-12-04, 600000, 12.63, 300, B
2014-12-04, 600060, 11.89, 300, B
2014-12-04, 600111, 25.07, 300, B
2014-12-05, 600000, 13.32, 300, B
2014-12-05, 600060, 12.04, 300, B
2014-12-08, 600000, 13.58, 300, B
2014-12-08, 600060, 12.04, 300, B
2014-12-08, 600111, 25.32, 300, B
2014-12-08, 002230, 29.13, 300, S
2014-12-09, 600000, 13.86, 300, B
2014-12-09, 600060, 12.03, 300, B
2014-12-09, 600111, 25.01, 300, B
2014-12-09, 002230, 29.13, 300, S
2014-12-10, 600060, 12.03, 300, B
2014-12-10, 600516, 11.2, 300, B
2014-12-11, 600060, 12.45, 300, B
2014-12-11, 600111, 25.01, 300, B
2014-12-11, 600516, 11.12, 300, B
2014-12-12, 600060, 12.31, 300, B
2014-12-12, 600516, 11.12, 300, B
2014-12-15, 600060, 12.31, 300, B
2014-12-15, 600516, 11.14, 300, B
2014-12-16, 600516, 11.49, 300, B
2014-12-16, 002230, 32.08, 300, B
2014-12-17, 600000, 13.86, 300, B
2014-12-17, 600060, 12.34, 300, B
2014-12-17, 600516, 11.42, 300, B
2014-12-18, 600000, 14.16, 300, B
2014-12-18, 600111, 25.92, 300, B
2014-12-19, 600000, 13.94, 300, B
2014-12-19, 600111, 25.92, 300, B
2014-12-22, 600000, 14.14, 300, B
2014-12-22, 600060, 11.6, 300, S
2014-12-22, 600111, 25.92, 300, B
2014-12-23, 600000, 14.73, 300, B
2014-12-23, 600060, 11.3, 300, S
2014-12-23, 600111, 25.92, 300, B
2014-12-23, 600516, 9.97, 300, S
2014-12-24, 600060, 11.33, 300, S
2014-12-25, 600516, 10.15, 300, S
2014-12-26, 600000, 14.73, 300, B
2014-12-26, 600111, 25.92, 300, B
2014-12-26, 600516, 10.15, 300, S
2014-12-26, 002230, 28.36, 300, S
2014-12-29, 600000, 14.82, 300, B
2014-12-29, 600111, 26.29, 300, B
2014-12-29, 600516, 10.15, 300, S
2014-12-29, 002230, 28.36, 300, S
2014-12-30, 600000, 15.0, 300, B
2014-12-30, 600060, 11.3, 300, S
2014-12-30, 600111, 26.83, 300, B
2014-12-31, 600000, 15.41, 300, B
2014-12-31, 600060, 11.3, 300, S
2015-01-05, 600000, 15.74, 300, B
2015-01-05, 600111, 26.83, 300, B
2015-01-05, 600516, 10.15, 300, S
2015-01-06, 600000, 16.12, 300, B
2015-01-06, 600060, 12.14, 300, B
2015-01-06, 600111, 28.55, 300, B
2015-01-06, 600516, 10.15, 300, S
2015-01-07, 600060, 12.3, 300, B
2015-01-07, 600111, 27.76, 300, B
2015-01-08, 600000, 15.86, 300, B
2015-01-08, 600111, 27.87, 300, B
2015-01-08, 600516, 10.15, 300, S
2015-01-09, 600000, 15.86, 300, B
2015-01-09, 600060, 12.23, 300, B
2015-01-09, 600516, 10.15, 300, S
2015-01-12, 600060, 12.23, 300, B
2015-01-13, 600060, 12.4, 300, B
2015-01-13, 600516, 10.15, 300, S
2015-01-13, 002230, 28.36, 300, S
2015-01-14, 600060, 12.51, 300, B
2015-01-14, 002230, 28.36, 300, S
2015-01-15, 600000, 15.86, 300, B
2015-01-15, 600060, 12.64, 300, B
2015-01-15, 600111, 25.1, 300, S
2015-01-15, 002230, 28.36, 300, S
2015-01-16, 600000, 16.17, 300, B
2015-01-16, 600060, 12.63, 300, B
2015-01-16, 002230, 28.36, 300, S
2015-01-19, 600060, 12.64, 300, B
2015-01-19, 600111, 25.1, 300, S
2015-01-19, 600516, 10.15, 300, S
2015-01-19, 002230, 28.36, 300, S
2015-01-20, 002230, 30.0, 300, B
2015-01-21, 600111, 25.1, 300, S
2015-01-21, 002230, 31.86, 300, B
2015-01-22, 600516, 10.96, 300, B
2015-01-22, 002230, 31.9, 300, B
2015-01-23, 600516, 10.94, 300, B
2015-01-23, 002230, 35.09, 300, B
2015-01-26, 600516, 10.94, 300, B
2015-01-26, 002230, 34.17, 300, B
2015-01-27, 600060, 12.8, 300, B
2015-01-27, 600111, 27.19, 300, B
2015-01-27, 600516, 10.94, 300, B
2015-01-27, 002230, 34.61, 300, B
2015-01-28, 600060, 13.26, 300, B
2015-01-28, 002230, 35.99, 300, B
2015-01-29, 600060, 13.15, 300, B
2015-01-29, 600516, 10.94, 300, B
2015-01-30, 600516, 10.94, 300, B
2015-02-02, 600060, 14.24, 300, B
2015-02-03, 600060, 14.61, 300, B
2015-02-03, 600516, 10.94, 300, B
2015-02-04, 600060, 15.58, 300, B
2015-02-04, 600516, 10.94, 300, B
2015-02-05, 600060, 15.33, 300, B
2015-02-05, 600516, 10.94, 300, B
2015-02-06, 600516, 10.94, 300, B
2015-02-06, 002230, 34.71, 300, B
2015-02-11, 600060, 15.84, 300, B
2015-02-11, 002230, 34.71, 300, B
2015-02-12, 600060, 16.47, 300, B
2015-02-12, 002230, 34.71, 300, B
2015-02-13, 600060, 18.12, 300, B
2015-02-13, 002230, 36.08, 300, B
2015-02-16, 600060, 18.85, 300, B
2015-02-17, 600060, 20.73, 300, B
2015-02-17, 002230, 41.7, 300, B
2015-02-25, 600060, 20.72, 300, B
2015-02-25, 002230, 41.2, 300, B
2015-02-26, 600060, 19.69, 300, B
2015-02-27, 600060, 19.92, 300, B
2015-02-27, 002230, 40.64, 300, B
2015-03-02, 600060, 20.26, 300, B
2015-03-02, 002230, 40.64, 300, B
2015-03-03, 600060, 22.28, 300, B
2015-03-03, 002230, 40.64, 300, B
2015-03-04, 600060, 21.53, 300, B
2015-03-04, 002230, 40.64, 300, B
2015-03-05, 600060, 21.51, 300, B
2015-03-05, 002230, 43.53, 300, B
2015-03-06, 002230, 43.07, 300, B
2015-03-10, 002230, 43.07, 300, B
2015-03-11, 600060, 21.41, 300, B
2015-03-12, 600516, 11.69, 300, B
2015-03-13, 600000, 15.17, 300, B
2015-03-16, 600000, 15.34, 300, B
2015-03-16, 600060, 21.41, 300, B
2015-03-17, 600000, 15.52, 300, B
2015-03-17, 600060, 21.41, 300, B
2015-03-17, 600516, 11.69, 300, B
2015-03-17, 002230, 46.56, 300, B
2015-03-18, 600000, 15.59, 300, B
2015-03-18, 600060, 21.41, 300, B
2015-03-18, 600516, 12.49, 300, B
2015-03-18, 002230, 45.52, 300, B
2015-03-19, 600060, 22.77, 300, B
2015-03-19, 600111, 27.19, 300, B
2015-03-19, 600516, 12.64, 300, B
2015-03-19, 002230, 46.21, 300, B
2015-03-20, 600000, 15.93, 300, B
2015-03-20, 600060, 22.38, 300, B
2015-03-20, 600111, 27.19, 300, B
2015-03-20, 002230, 47.88, 300, B
2015-03-23, 600000, 15.8, 300, B
2015-03-23, 600111, 27.19, 300, B
2015-03-23, 600516, 12.67, 300, B
2015-03-23, 002230, 47.88, 300, B
2015-03-24, 600000, 15.8, 300, B
2015-03-24, 600060, 23.16, 300, B
2015-03-24, 600111, 27.19, 300, B
2015-03-24, 600516, 12.77, 300, B
2015-03-24, 002230, 48.12, 300, B
2015-03-25, 600060, 23.17, 300, B
2015-03-25, 002230, 51.12, 300, B
2015-03-26, 600516, 12.97, 300, B
2015-03-26, 002230, 51.5, 300, B
2015-03-27, 600516, 12.84, 300, B
2015-03-30, 600000, 15.8, 300, B
2015-03-30, 600111, 27.19, 300, B
2015-03-30, 600516, 13.08, 300, B
2015-03-30, 002230, 51.5, 300, B
2015-03-31, 600000, 16.07, 300, B
2015-03-31, 600111, 27.19, 300, B
2015-03-31, 002230, 51.5, 300, B
2015-04-01, 600000, 16.07, 300, B
2015-04-01, 600111, 27.19, 300, B
2015-04-01, 002230, 52.12, 300, B
2015-04-02, 600000, 16.07, 300, B
2015-04-02, 600060, 23.97, 300, B
2015-04-02, 600111, 28.1, 300, B
2015-04-02, 002230, 56.03, 300, B
2015-04-03, 600000, 16.23, 300, B
2015-04-03, 600111, 28.09, 300, B
2015-04-03, 002230, 56.6, 300, B
2015-04-07, 600060, 24.35, 300, B
2015-04-07, 600111, 28.21, 300, B
2015-04-08, 600000, 16.76, 300, B
2015-04-08, 600111, 28.59, 300, B
2015-04-08, 002230, 60.84, 300, B
2015-04-09, 600000, 17.07, 300, B
2015-04-10, 600000, 16.92, 300, B
2015-04-10, 600111, 28.59, 300, B
2015-04-10, 002230, 58.67, 300, B
2015-04-13, 600111, 29.04, 300, B
2015-04-13, 002230, 62.81, 300, B
2015-04-14, 600111, 29.06, 300, B
2015-04-15, 600000, 17.95, 300, B
2015-04-16, 600000, 18.02, 300, B
2015-04-17, 600000, 18.71, 300, B
2015-04-17, 600111, 29.06, 300, B
2015-04-20, 600000, 18.66, 300, B
2015-04-20, 600111, 29.06, 300, B
2015-04-21, 600111, 29.4, 300, B
2015-04-22, 600111, 29.88, 300, B
2015-04-23, 600000, 18.56, 300, B
2015-04-23, 600060, 24.86, 300, B
2015-04-23, 600111, 30.09, 300, B
2015-04-24, 600060, 25.2, 300, B
2015-04-24, 600111, 33.1, 300, B
2015-04-27, 600060, 27.72, 300, B
2015-04-27, 600111, 34.13, 300, B
2015-04-28, 600000, 18.56, 300, B
2015-04-28, 600060, 27.31, 300, B
2015-04-28, 600111, 33.63, 300, B
2015-04-29, 600000, 18.56, 300, B
2015-04-29, 600111, 33.63, 300, B
2015-04-29, 002230, 49.68, 300, S
2015-04-30, 600060, 27.31, 300, B
2015-04-30, 002230, 47.81, 300, S
2015-05-04, 600060, 27.1, 300, B
2015-05-04, 002230, 47.81, 300, S
2015-05-05, 002230, 46.72, 300, S
2015-05-06, 600000, 17.03, 300, S
2015-05-07, 600000, 17.01, 300, S
2015-05-07, 002230, 44.49, 300, S
2015-05-08, 600000, 17.01, 300, S
2015-05-11, 600000, 17.01, 300, S
2015-05-11, 600060, 27.1, 300, B
2015-05-13, 600000, 17.01, 300, S
2015-05-13, 600060, 30.43, 300, B
2015-05-13, 600111, 21.59, 300, S
2015-05-14, 600000, 17.01, 300, S
2015-05-14, 600060, 30.25, 300, B
2015-05-14, 600111, 22.3, 300, S
2015-05-15, 600000, 17.01, 300, S
2015-05-15, 600060, 32.8, 300, B
2015-05-18, 600060, 32.23, 300, B
2015-05-19, 600000, 17.01, 300, S
2015-05-19, 600060, 32.37, 300, B
2015-05-19, 600111, 23.02, 300, S
2015-05-20, 600000, 17.01, 300, S
2015-05-20, 600060, 32.77, 300, B
2015-05-21, 600060, 35.4, 300, B
2015-05-22, 600060, 35.06, 300, B
2015-05-25, 600060, 34.56, 300, B
2015-05-26, 600060, 34.63, 300, B
2015-05-27, 600060, 36.87, 300, B
2015-05-28, 600000, 17.01, 300, S
2015-05-28, 600060, 35.89, 300, B
2015-05-29, 600000, 17.01, 300, S
2015-05-29, 600111, 23.02, 300, S
2015-05-29, 002230, 50.84, 300, S
2015-06-01, 600000, 17.01, 300, S
2015-06-01, 600111, 22.74, 300, S
2015-06-02, 600060, 35.89, 300, B
2015-06-03, 002230, 58.44, 300, B
2015-06-04, 600111, 22.74, 300, S
2015-06-05, 600000, 18.69, 300, B
2015-06-05, 600516, 15.82, 300, B
2015-06-08, 600516, 15.7, 300, B
2015-06-09, 600516, 15.9, 300, B
2015-06-10, 600516, 17.06, 300, B
2015-06-11, 600516, 16.63, 300, B
2015-06-12, 600516, 16.66, 300, B
2015-06-15, 002230, 50.23, 300, S
2015-06-16, 600060, 35.89, 300, B
2015-06-17, 600000, 18.69, 300, B
2015-06-17, 600111, 22.74, 300, S
2015-06-18, 600111, 22.74, 300, S
2015-06-19, 600111, 22.74, 300, S
2015-06-23, 600000, 17.02, 300, S
2015-06-23, 600060, 28.15, 300, S
2015-06-23, 600111, 20.55, 300, S
2015-06-23, 600516, 13.85, 300, S
2015-06-24, 600000, 16.97, 300, S
2015-06-24, 600060, 28.22, 300, S
2015-06-24, 600111, 20.93, 300, S
2015-06-24, 600516, 14.29, 300, S
2015-06-25, 600000, 16.97, 300, S
2015-06-25, 600060, 28.22, 300, S
2015-06-25, 600111, 21.44, 300, S
2015-06-25, 600516, 14.29, 300, S
2015-06-26, 600000, 16.66, 300, S
2015-06-29, 600000, 15.8, 300, S
2015-06-29, 600060, 24.79, 300, S
2015-06-29, 600111, 17.96, 300, S
2015-06-29, 600516, 11.96, 300, S
2015-06-30, 600060, 22.35, 300, S
2015-06-30, 600111, 16.74, 300, S
2015-06-30, 600516, 10.79, 300, S
2015-06-30, 002230, 31.68, 300, S
2015-07-01, 600060, 24.52, 300, S
2015-07-01, 600111, 18.08, 300, S
2015-07-01, 600516, 11.87, 300, S
2015-07-01, 002230, 34.85, 300, S
2015-07-02, 600000, 15.86, 300, S
2015-07-02, 600060, 22.36, 300, S
2015-07-02, 600111, 17.0, 300, S
2015-07-02, 600516, 11.17, 300, S
2015-07-02, 002230, 34.94, 300, S
2015-07-03, 600000, 15.86, 300, S
2015-07-03, 600060, 20.46, 300, S
2015-07-03, 600111, 15.79, 300, S
2015-07-03, 600516, 11.04, 300, S
2015-07-03, 002230, 34.94, 300, S
2015-07-06, 600060, 19.39, 300, S
2015-07-06, 600111, 14.41, 300, S
2015-07-06, 600516, 10.42, 300, S
2015-07-06, 002230, 34.94, 300, S
2015-07-07, 600060, 19.77, 300, S
2015-07-07, 600111, 15.12, 300, S
2015-07-08, 600000, 15.82, 300, S
2015-07-09, 600000, 15.82, 300, S
2015-07-09, 600111, 12.95, 300, S
2015-07-16, 600060, 17.62, 300, S
2015-07-16, 600516, 9.03, 300, S
2015-07-16, 002230, 33.03, 300, S
2015-07-21, 002230, 41.24, 300, B
2015-07-22, 002230, 41.24, 300, B
2015-07-23, 002230, 41.24, 300, B
2015-07-24, 002230, 41.24, 300, B
2015-07-27, 600000, 15.82, 300, S
2015-07-27, 002230, 41.24, 300, B
2015-07-29, 600516, 9.99, 300, S
2015-07-31, 600060, 17.62, 300, S
2015-08-10, 600000, 15.82, 300, S
2015-08-14, 002230, 41.24, 300, B
2015-08-19, 600060, 17.62, 300, S
2015-08-19, 600516, 9.99, 300, S
2015-08-21, 600060, 17.62, 300, S
2015-08-21, 600516, 9.99, 300, S
2015-08-25, 600000, 12.82, 300, S
2015-08-26, 600111, 12.5, 300, S
2015-08-26, 600516, 7.93, 300, S
2015-08-26, 002230, 28.12, 300, S
2015-08-27, 600111, 11.6, 300, S
2015-08-27, 600516, 7.14, 300, S
2015-08-27, 002230, 25.31, 300, S
2015-08-28, 600516, 7.46, 300, S
2015-08-28, 002230, 25.92, 300, S
2015-09-01, 600000, 15.01, 300, B
2015-09-01, 600516, 7.46, 300, S
2015-09-01, 002230, 25.92, 300, S
2015-09-02, 600516, 7.46, 300, S
2015-09-02, 002230, 25.92, 300, S
2015-09-07, 600516, 7.46, 300, S
2015-09-08, 600516, 7.46, 300, S
2015-09-11, 600000, 15.38, 300, B
2015-09-14, 600000, 15.38, 300, B
2015-09-14, 600111, 12.27, 300, S
2015-09-14, 600516, 7.46, 300, S
2015-09-15, 600000, 15.38, 300, B
2015-09-15, 600111, 12.27, 300, S
2015-09-15, 002230, 25.92, 300, S
2015-09-16, 600000, 15.38, 300, B
2015-09-16, 002230, 25.92, 300, S
2015-09-17, 600000, 15.38, 300, B
2015-09-17, 600516, 7.46, 300, S
2015-09-21, 600516, 7.46, 300, S
2015-09-25, 600000, 15.38, 300, B
2015-10-16, 600516, 10.02, 300, B
2015-10-19, 600516, 10.35, 300, B
2015-10-21, 600516, 10.55, 300, B
2015-10-22, 600516, 10.55, 300, B
2015-10-22, 002230, 36.28, 300, B
2015-10-23, 600111, 15.68, 300, B
2015-10-23, 600516, 10.55, 300, B
2015-10-23, 002230, 39.91, 300, B
2015-10-26, 600111, 15.66, 300, B
2015-10-26, 600516, 11.61, 300, B
2015-10-26, 002230, 39.43, 300, B
2015-10-27, 600516, 11.28, 300, B
2015-10-27, 002230, 41.0, 300, B
2015-10-28, 002230, 40.19, 300, B
2015-11-03, 002230, 35.23, 300, S
2015-11-05, 600060, 17.62, 300, S
2015-11-05, 600111, 15.66, 300, B
2015-11-06, 600000, 17.77, 300, B
2015-11-06, 600060, 17.62, 300, S
2015-11-06, 600111, 15.66, 300, B
2015-11-09, 600000, 17.94, 300, B
2015-11-09, 600060, 17.62, 300, S
2015-11-09, 600111, 15.66, 300, B
2015-11-10, 600000, 18.21, 300, B
2015-11-10, 600060, 17.62, 300, S
2015-11-10, 600111, 15.66, 300, B
2015-11-10, 600516, 11.74, 300, B
2015-11-11, 600000, 18.43, 300, B
2015-11-11, 600060, 17.62, 300, S
2015-11-11, 600516, 11.74, 300, B
2015-11-12, 600060, 17.62, 300, S
2015-11-17, 600060, 17.62, 300, S
2015-11-20, 600000, 18.43, 300, B
2015-11-23, 600000, 18.53, 300, B
2015-11-24, 600000, 19.12, 300, B
2015-11-24, 600060, 17.62, 300, S
2015-11-25, 600000, 19.12, 300, B
2015-11-25, 600060, 17.62, 300, S
2015-11-26, 600060, 17.62, 300, S
2015-11-26, 600516, 11.74, 300, B
2015-11-27, 600060, 17.62, 300, S
2015-11-27, 002230, 35.23, 300, S
2015-11-30, 600060, 16.19, 300, S
2015-11-30, 600516, 13.15, 300, B
2015-11-30, 002230, 35.23, 300, S
2015-12-01, 600060, 16.2, 300, S
2015-12-01, 600516, 14.46, 300, B
2015-12-01, 002230, 35.23, 300, S
2015-12-02, 600000, 19.43, 300, B
2015-12-02, 002230, 35.23, 300, S
2015-12-03, 002230, 35.23, 300, S
2015-12-04, 002230, 35.23, 300, S
2015-12-07, 600060, 18.69, 300, B
2015-12-08, 600000, 19.91, 300, B
2015-12-08, 600060, 18.69, 300, B
2015-12-08, 002230, 35.23, 300, S
2015-12-09, 002230, 35.23, 300, S
2015-12-10, 002230, 35.23, 300, S
2015-12-11, 002230, 35.23, 300, S
2015-12-14, 600060, 18.81, 300, B
2015-12-14, 002230, 35.23, 300, S
2015-12-16, 600000, 18.25, 300, S
2015-12-16, 600060, 19.38, 300, B
2015-12-17, 600000, 18.25, 300, S
2015-12-17, 600060, 19.43, 300, B
2015-12-18, 600060, 19.65, 300, B
2015-12-21, 600060, 20.66, 300, B
2015-12-21, 600516, 13.9, 300, B
2015-12-23, 600060, 21.39, 300, B
2015-12-25, 600060, 20.87, 300, B
2016-01-04, 600000, 18.25, 300, S
2016-01-04, 002230, 35.23, 300, S
2016-01-05, 600060, 17.67, 300, S
2016-01-06, 600060, 18.06, 300, S
2016-01-06, 600111, 12.79, 300, S
2016-01-06, 600516, 10.65, 300, S
2016-01-06, 002230, 31.79, 300, S
2016-01-07, 600111, 12.79, 300, S
2016-01-08, 600060, 16.53, 300, S
2016-01-08, 600111, 12.31, 300, S
2016-01-08, 600516, 9.87, 300, S
2016-01-08, 002230, 28.96, 300, S
2016-01-12, 600060, 15.1, 300, S
2016-01-12, 600516, 8.87, 300, S
2016-01-12, 002230, 25.73, 300, S
2016-01-13, 600060, 14.99, 300, S
2016-01-13, 600516, 9.11, 300, S
2016-01-13, 002230, 26.79, 300, S
2016-01-14, 600060, 14.8, 300, S
2016-01-14, 600111, 12.42, 300, S
2016-01-14, 600516, 8.41, 300, S
2016-01-14, 002230, 25.93, 300, S
2016-01-15, 600060, 15.4, 300, S
2016-01-15, 600111, 12.42, 300, S
2016-01-18, 600060, 14.61, 300, S
2016-01-18, 600111, 12.19, 300, S
2016-01-18, 600516, 8.14, 300, S
2016-01-18, 002230, 26.63, 300, S
2016-01-19, 600111, 12.19, 300, S
2016-01-19, 600516, 8.46, 300, S
2016-01-21, 600060, 14.61, 300, S
2016-01-21, 600111, 12.19, 300, S
2016-01-21, 600516, 8.46, 300, S
2016-01-21, 002230, 26.63, 300, S
2016-01-22, 600000, 16.53, 300, S
2016-01-22, 600060, 14.61, 300, S
2016-01-22, 600111, 12.19, 300, S
2016-01-22, 600516, 8.46, 300, S
2016-01-22, 002230, 26.63, 300, S
2016-01-25, 600111, 12.19, 300, S
2016-01-26, 600000, 16.53, 300, S
2016-01-26, 600060, 14.61, 300, S
2016-01-26, 600111, 12.19, 300, S
2016-01-26, 600516, 8.46, 300, S
2016-01-26, 002230, 26.63, 300, S
2016-01-27, 600000, 16.53, 300, S
2016-01-27, 600111, 12.19, 300, S
2016-01-28, 600000, 16.53, 300, S
2016-01-28, 600516, 8.46, 300, S
2016-01-29, 600000, 16.53, 300, S
2016-01-29, 600111, 11.1, 300, S
2016-01-29, 600516, 8.46, 300, S
2016-02-01, 600000, 16.53, 300, S
2016-02-01, 600111, 11.1, 300, S
2016-02-02, 600000, 16.53, 300, S
2016-02-02, 600111, 11.12, 300, S
2016-02-03, 600000, 16.53, 300, S
2016-02-03, 600111, 11.12, 300, S
2016-02-04, 002230, 26.63, 300, S
2016-02-15, 600000, 18.44, 300, B
2016-02-15, 600111, 11.12, 300, S
2016-02-15, 002230, 26.63, 300, S
2016-02-16, 600060, 14.61, 300, S
2016-02-17, 600060, 14.61, 300, S
2016-02-18, 600060, 14.61, 300, S
2016-02-19, 600060, 14.61, 300, S
2016-02-23, 600060, 14.61, 300, S
2016-02-24, 600060, 14.61, 300, S
2016-02-25, 600060, 14.61, 300, S
2016-02-26, 002230, 27.15, 300, S
2016-02-29, 600111, 11.12, 300, S
2016-02-29, 600516, 8.46, 300, S
2016-03-01, 600516, 8.36, 300, S
2016-03-01, 002230, 25.24, 300, S
2016-03-03, 600111, 12.66, 300, B
2016-03-04, 600111, 12.66, 300, B
2016-03-17, 600060, 14.61, 300, S
2016-03-18, 600060, 14.61, 300, S
2016-03-22, 600000, 18.51, 300, B
2016-03-30, 600060, 16.28, 300, B
2016-03-31, 600060, 16.45, 300, B
2016-04-05, 600060, 16.47, 300, B
2016-04-06, 600060, 16.44, 300, B
2016-04-13, 600111, 13.55, 300, B
2016-04-14, 600111, 13.52, 300, B
2016-04-15, 600111, 13.45, 300, B
2016-04-19, 600060, 17.04, 300, B
2016-04-19, 600111, 13.65, 300, B
2016-04-20, 600060, 17.04, 300, B
2016-04-20, 600111, 13.65, 300, B
2016-04-21, 600060, 17.97, 300, B
2016-04-21, 600111, 14.37, 300, B
2016-04-22, 600060, 17.64, 300, B
2016-04-25, 600060, 17.97, 300, B
2016-04-26, 600060, 18.21, 300, B
2016-05-09, 600516, 8.36, 300, S
2016-05-10, 600060, 16.38, 300, S
2016-05-10, 600111, 12.22, 300, S
2016-05-10, 600516, 8.36, 300, S
2016-05-11, 600516, 8.36, 300, S
2016-05-12, 600111, 12.09, 300, S
2016-05-17, 600516, 8.36, 300, S
2016-05-18, 600060, 16.38, 300, S
2016-05-18, 600516, 8.36, 300, S
2016-05-19, 600060, 16.06, 300, S
2016-05-19, 600516, 8.36, 300, S
2016-05-20, 600111, 13.7, 300, B
2016-05-20, 600516, 8.36, 300, S
2016-05-23, 600060, 16.06, 300, S
2016-05-23, 600111, 13.7, 300, B
2016-05-23, 600516, 8.36, 300, S
2016-05-24, 600060, 16.06, 300, S
2016-05-25, 600516, 8.36, 300, S
2016-05-26, 600516, 8.36, 300, S
2016-05-27, 600111, 13.7, 300, B
2016-05-27, 600516, 8.36, 300, S
2016-05-30, 600111, 13.7, 300, B
2016-05-30, 600516, 8.36, 300, S
2016-05-31, 600060, 16.06, 300, S
2016-05-31, 600111, 13.7, 300, B
2016-06-01, 600060, 16.06, 300, S
2016-06-01, 600111, 15.09, 300, B
2016-06-02, 600111, 14.97, 300, B
2016-06-03, 600111, 15.12, 300, B
2016-06-03, 600516, 9.3, 300, B
2016-06-06, 600111, 14.97, 300, B
2016-06-06, 600516, 9.21, 300, B
2016-06-07, 600111, 14.97, 300, B
2016-06-07, 002230, 33.08, 300, B
2016-06-08, 600516, 9.21, 300, B
2016-06-08, 002230, 32.28, 300, B
2016-06-13, 002230, 34.06, 300, B
2016-06-14, 600516, 8.39, 300, S
2016-06-15, 600516, 8.39, 300, S
2016-06-20, 600060, 18.16, 300, B
2016-06-21, 600060, 17.94, 300, B
2016-06-24, 600000, 15.67, 300, S
2016-06-27, 600000, 15.23, 300, S
2016-06-28, 600000, 15.26, 300, S
2016-06-30, 600000, 15.45, 300, S
2016-07-07, 600000, 15.52, 300, S
2016-07-08, 600000, 15.52, 300, S
2016-07-11, 600000, 15.52, 300, S
2016-07-11, 600111, 14.97, 300, B
2016-07-12, 600000, 15.52, 300, S
2016-07-12, 600060, 17.94, 300, B
2016-07-12, 600111, 15.18, 300, B
2016-07-13, 600111, 15.29, 300, B
2016-07-15, 600060, 18.83, 300, B
2016-07-21, 600060, 18.67, 300, B
2016-07-25, 600516, 9.98, 300, B
2016-07-26, 600516, 10.97, 300, B
2016-07-27, 600000, 15.52, 300, S
2016-07-28, 600060, 17.49, 300, S
2016-08-01, 600060, 17.49, 300, S
2016-08-04, 600000, 15.52, 300, S
2016-08-09, 600516, 11.39, 300, B
2016-08-11, 600516, 11.47, 300, B
2016-08-12, 600000, 16.12, 300, B
2016-08-15, 600516, 11.47, 300, B
2016-08-16, 600000, 16.99, 300, B
2016-08-16, 600516, 11.32, 300, B
2016-08-17, 600000, 16.75, 300, B
2016-08-18, 600000, 16.69, 300, B
2016-08-18, 600516, 11.4, 300, B
2016-08-19, 600516, 11.4, 300, B
2016-08-30, 600060, 17.22, 300, S
2016-08-31, 600060, 17.22, 300, S
2016-09-01, 600060, 17.22, 300, S
2016-09-02, 600060, 17.22, 300, S
2016-09-06, 600060, 17.22, 300, S
2016-09-07, 600060, 17.22, 300, S
2016-09-13, 600516, 11.4, 300, B
2016-09-19, 600516, 11.51, 300, B
2016-09-20, 600516, 11.45, 300, B
2016-09-21, 600516, 11.45, 300, B
2016-09-22, 600516, 11.45, 300, B
2016-09-27, 600516, 10.49, 300, S
2016-09-30, 600516, 10.49, 300, S
2016-10-21, 002230, 30.51, 300, B
2016-10-25, 600060, 17.22, 300, S
2016-10-25, 002230, 30.92, 300, B
2016-10-27, 600060, 17.22, 300, S
2016-10-28, 600060, 17.22, 300, S
2016-10-31, 600516, 10.49, 300, S
2016-11-04, 600516, 10.49, 300, S
2016-11-07, 600060, 17.22, 300, S
2016-11-07, 600111, 12.94, 300, B
2016-11-08, 600060, 17.38, 300, B
2016-11-08, 600111, 13.05, 300, B
2016-11-09, 600060, 17.46, 300, B
2016-11-09, 600111, 13.15, 300, B
2016-11-09, 600516, 10.49, 300, S
2016-11-10, 600060, 17.46, 300, B
2016-11-11, 600060, 17.59, 300, B
2016-11-11, 600111, 13.24, 300, B
2016-11-14, 600000, 16.69, 300, B
2016-11-14, 600060, 17.65, 300, B
2016-11-15, 600111, 13.67, 300, B
2016-11-16, 600111, 13.56, 300, B
2016-11-17, 600111, 13.55, 300, B
2016-11-18, 600060, 17.65, 300, B
2016-11-21, 600000, 16.65, 300, B
2016-11-22, 600000, 16.65, 300, B
2016-11-22, 600060, 17.65, 300, B
2016-11-23, 600060, 17.65, 300, B
2016-11-24, 600000, 16.98, 300, B
2016-11-24, 600060, 17.65, 300, B
2016-11-24, 600516, 10.49, 300, S
2016-11-25, 600000, 16.94, 300, B
2016-11-25, 600060, 17.93, 300, B
2016-11-25, 600516, 10.49, 300, S
2016-11-28, 600060, 18.34, 300, B
2016-11-29, 600000, 17.26, 300, B
2016-11-29, 600060, 18.39, 300, B
2016-11-29, 600516, 10.49, 300, S
2016-11-30, 600000, 17.31, 300, B
2016-11-30, 600060, 18.23, 300, B
2016-12-01, 600000, 17.21, 300, B
2016-12-01, 600060, 18.23, 300, B
2016-12-02, 600060, 18.23, 300, B
2016-12-05, 600000, 17.2, 300, B
2016-12-06, 600000, 17.35, 300, B
2016-12-08, 600060, 17.62, 300, S
2016-12-09, 600000, 17.35, 300, B
2016-12-09, 600060, 17.62, 300, S
2016-12-12, 600000, 17.39, 300, B
2016-12-12, 600060, 17.62, 300, S
2016-12-13, 600060, 17.28, 300, S
2016-12-13, 600111, 12.6, 300, S
2016-12-13, 600516, 9.22, 300, S
2016-12-14, 600060, 16.94, 300, S
2016-12-14, 600111, 12.6, 300, S
2016-12-14, 600516, 9.23, 300, S
2016-12-14, 002230, 27.48, 300, S
2016-12-15, 600060, 16.92, 300, S
2016-12-15, 600111, 12.5, 300, S
2016-12-15, 600516, 9.03, 300, S
2016-12-15, 002230, 27.48, 300, S
2016-12-16, 600000, 16.65, 300, S
2016-12-16, 600111, 12.5, 300, S
2016-12-16, 002230, 27.48, 300, S
2016-12-19, 600000, 16.61, 300, S
2016-12-19, 002230, 27.48, 300, S
2016-12-20, 600000, 16.47, 300, S
2016-12-20, 600516, 9.1, 300, S
2016-12-20, 002230, 27.48, 300, S
2016-12-21, 002230, 27.48, 300, S
2016-12-22, 600000, 16.27, 300, S
2016-12-22, 002230, 27.48, 300, S
2016-12-23, 600000, 16.14, 300, S
2016-12-23, 600111, 12.48, 300, S
2016-12-23, 002230, 27.48, 300, S
2016-12-26, 600000, 16.14, 300, S
2016-12-26, 600060, 16.68, 300, S
2016-12-26, 600111, 12.48, 300, S
2016-12-26, 600516, 9.1, 300, S
2016-12-27, 600000, 16.14, 300, S
2016-12-27, 600111, 12.48, 300, S
2016-12-28, 600000, 16.14, 300, S
2016-12-28, 600111, 12.48, 300, S
2016-12-29, 600000, 16.14, 300, S
2016-12-30, 600000, 16.14, 300, S
2017-01-03, 002230, 27.48, 300, S
2017-01-04, 600111, 12.48, 300, S
2017-01-04, 002230, 27.48, 300, S
2017-01-05, 600111, 12.48, 300, S
2017-01-06, 600000, 16.14, 300, S
2017-01-06, 600111, 12.48, 300, S
2017-01-09, 600000, 16.14, 300, S
2017-01-09, 600111, 12.48, 300, S
2017-01-10, 600000, 16.14, 300, S
2017-01-10, 600111, 12.48, 300, S
2017-01-11, 600111, 12.48, 300, S
2017-01-11, 002230, 28.2, 300, B
2017-01-12, 600000, 16.14, 300, S
2017-01-12, 600516, 9.1, 300, S
2017-01-13, 600000, 16.14, 300, S
2017-01-13, 600060, 16.99, 300, S
2017-01-13, 600516, 9.1, 300, S
2017-01-16, 600000, 16.14, 300, S
2017-01-16, 600060, 16.99, 300, S
2017-01-17, 600060, 16.99, 300, S
2017-01-17, 600516, 8.75, 300, S
2017-01-17, 002230, 26.37, 300, S
2017-01-18, 600060, 16.99, 300, S
2017-01-18, 600111, 12.03, 300, S
2017-01-18, 600516, 8.76, 300, S
2017-01-19, 600060, 16.92, 300, S
2017-01-19, 600111, 11.96, 300, S
2017-01-19, 002230, 26.43, 300, S
2017-01-20, 600000, 16.59, 300, B
2017-01-20, 600060, 16.92, 300, S
2017-01-20, 600111, 11.96, 300, S
2017-01-23, 600000, 16.59, 300, B
2017-01-24, 600000, 16.59, 300, B
2017-02-07, 002230, 30.04, 300, B
2017-02-08, 600000, 16.59, 300, B
2017-02-08, 002230, 29.84, 300, B
2017-02-09, 600000, 16.59, 300, B
2017-02-09, 002230, 30.09, 300, B
2017-02-10, 002230, 30.03, 300, B
2017-02-16, 600060, 18.0, 300, B
2017-02-16, 002230, 30.03, 300, B
2017-02-17, 600000, 16.59, 300, B
2017-02-17, 600060, 18.08, 300, B
2017-02-20, 600060, 18.08, 300, B
2017-02-21, 002230, 30.03, 300, B
2017-02-22, 600060, 18.98, 300, B
2017-02-22, 600111, 12.95, 300, B
2017-02-22, 002230, 30.67, 300, B
2017-02-23, 600060, 18.93, 300, B
2017-02-23, 600111, 12.95, 300, B
2017-02-24, 600060, 19.03, 300, B
2017-02-24, 002230, 30.87, 300, B
2017-02-27, 600000, 16.59, 300, B
2017-02-27, 600060, 18.85, 300, B
2017-02-27, 002230, 30.84, 300, B
2017-02-28, 600000, 16.54, 300, S
2017-02-28, 600060, 18.85, 300, B
2017-02-28, 600111, 12.95, 300, B
2017-02-28, 002230, 31.22, 300, B
2017-03-01, 600000, 16.54, 300, S
2017-03-01, 600060, 18.91, 300, B
2017-03-01, 600111, 12.95, 300, B
2017-03-02, 600000, 16.54, 300, S
2017-03-02, 600060, 18.97, 300, B
2017-03-02, 600111, 12.95, 300, B
2017-03-03, 600060, 18.97, 300, B
2017-03-03, 600516, 9.33, 300, B
2017-03-06, 600060, 19.29, 300, B
2017-03-06, 600111, 13.02, 300, B
2017-03-06, 002230, 31.22, 300, B
2017-03-07, 600060, 19.6, 300, B
2017-03-07, 002230, 32.0, 300, B
2017-03-08, 600516, 9.6, 300, B
2017-03-09, 600516, 9.6, 300, B
2017-03-09, 002230, 33.78, 300, B
2017-03-10, 600060, 19.6, 300, B
2017-03-10, 002230, 33.69, 300, B
2017-03-13, 600060, 19.54, 300, B
2017-03-14, 002230, 34.68, 300, B
2017-03-15, 600060, 18.41, 300, S
2017-03-16, 600060, 18.37, 300, S
2017-03-16, 002230, 34.49, 300, B
2017-03-17, 600060, 18.19, 300, S
2017-03-17, 600111, 13.02, 300, B
2017-03-17, 002230, 34.59, 300, B
2017-03-20, 600060, 18.04, 300, S
2017-03-21, 600060, 18.0, 300, S
2017-03-21, 002230, 34.59, 300, B
2017-03-22, 600060, 18.0, 300, S
2017-03-22, 002230, 35.13, 300, B
2017-03-23, 600060, 18.0, 300, S
2017-03-23, 002230, 36.02, 300, B
2017-03-24, 600000, 15.83, 300, S
2017-03-24, 002230, 35.69, 300, B
2017-03-27, 002230, 36.37, 300, B
2017-03-29, 600000, 15.83, 300, S
2017-03-29, 600060, 18.0, 300, S
2017-03-30, 600000, 15.82, 300, S
2017-03-30, 600060, 18.0, 300, S
2017-03-31, 600060, 18.0, 300, S
2017-04-05, 600060, 18.0, 300, S
2017-04-05, 002230, 36.13, 300, B
2017-04-07, 600060, 18.0, 300, S
2017-04-11, 002230, 32.91, 300, S
2017-04-12, 600000, 15.76, 300, S
2017-04-12, 002230, 33.1, 300, S
2017-04-13, 600000, 15.76, 300, S
2017-04-14, 600000, 15.7, 300, S
2017-04-14, 600111, 12.58, 300, B
2017-04-14, 002230, 32.75, 300, S
2017-04-17, 600000, 15.46, 300, S
2017-04-17, 600111, 12.68, 300, B
2017-04-17, 002230, 32.75, 300, S
2017-04-18, 600000, 15.51, 300, S
2017-04-19, 600000, 15.25, 300, S
2017-04-19, 002230, 30.36, 300, S
2017-04-20, 600000, 15.06, 300, S
2017-04-20, 600060, 18.0, 300, S
2017-04-20, 002230, 30.73, 300, S
2017-04-21, 600000, 14.86, 300, S
2017-04-21, 600111, 12.1, 300, S
2017-04-21, 600516, 9.43, 300, B
2017-04-21, 002230, 30.73, 300, S
2017-04-24, 600000, 15.0, 300, S
2017-04-24, 600111, 11.95, 300, S
2017-04-24, 002230, 30.73, 300, S
2017-04-25, 600060, 18.32, 300, B
2017-04-25, 600111, 11.25, 300, S
2017-04-25, 002230, 30.73, 300, S
2017-04-26, 600000, 15.0, 300, S
2017-04-26, 600060, 18.33, 300, B
2017-04-26, 600111, 11.19, 300, S
2017-04-26, 600516, 9.4, 300, B
2017-04-27, 600111, 11.21, 300, S
2017-04-27, 600516, 9.4, 300, B
2017-04-27, 002230, 30.73, 300, S
2017-04-28, 600060, 17.38, 300, S
2017-04-28, 600516, 9.56, 300, B
2017-05-02, 600111, 11.35, 300, S
2017-05-02, 600516, 9.55, 300, B
2017-05-03, 600111, 11.39, 300, S
2017-05-03, 600516, 9.66, 300, B
2017-05-04, 600000, 15.0, 300, S
2017-05-04, 600060, 14.57, 300, S
2017-05-04, 600111, 11.39, 300, S
2017-05-04, 600516, 9.87, 300, B
2017-05-05, 600060, 14.52, 300, S
2017-05-05, 600111, 11.39, 300, S
2017-05-05, 600516, 9.87, 300, B
2017-05-05, 002230, 30.73, 300, S
2017-05-08, 600000, 14.87, 300, S
2017-05-08, 600060, 14.43, 300, S
2017-05-08, 600111, 11.39, 300, S
2017-05-08, 600516, 9.87, 300, B
2017-05-08, 002230, 30.73, 300, S
2017-05-09, 600000, 14.81, 300, S
2017-05-09, 600060, 14.47, 300, S
2017-05-09, 600516, 9.84, 300, B
2017-05-10, 600000, 14.71, 300, S
2017-05-10, 600060, 14.38, 300, S
2017-05-10, 600111, 11.39, 300, S
2017-05-10, 600516, 9.89, 300, B
2017-05-11, 600000, 14.56, 300, S
2017-05-11, 600060, 13.95, 300, S
2017-05-11, 600111, 11.05, 300, S
2017-05-11, 600516, 9.89, 300, B
2017-05-12, 600060, 13.95, 300, S
2017-05-12, 600111, 10.98, 300, S
2017-05-12, 600516, 9.89, 300, B
2017-05-12, 002230, 27.83, 300, S
2017-05-15, 600000, 15.26, 300, B
2017-05-15, 600060, 13.95, 300, S
2017-05-15, 600111, 10.89, 300, S
2017-05-15, 600516, 10.1, 300, B
2017-05-16, 600060, 13.95, 300, S
2017-05-16, 600111, 10.84, 300, S
2017-05-16, 600516, 10.1, 300, B
2017-05-18, 600060, 13.95, 300, S
2017-05-18, 600516, 10.22, 300, B
2017-05-19, 600060, 13.95, 300, S
2017-05-22, 600060, 13.95, 300, S
2017-05-22, 600516, 10.22, 300, B
2017-05-23, 600000, 15.32, 300, B
2017-05-23, 600111, 10.84, 300, S
2017-05-24, 600000, 15.48, 300, B
2017-05-24, 600111, 10.84, 300, S
2017-05-24, 600516, 10.22, 300, B
2017-05-24, 002230, 28.22, 300, S
2017-05-25, 600060, 13.95, 300, S
2017-05-25, 600516, 10.58, 300, B
2017-05-26, 600000, 12.88, 300, S
2017-05-26, 600516, 10.63, 300, B
2017-05-31, 600000, 12.79, 300, S
2017-05-31, 600516, 10.63, 300, B
2017-06-01, 600000, 12.79, 300, S
2017-06-01, 600060, 13.95, 300, S
2017-06-01, 600111, 10.84, 300, S
2017-06-01, 600516, 10.73, 300, B
2017-06-02, 600000, 12.87, 300, S
2017-06-02, 600060, 13.95, 300, S
2017-06-05, 600000, 12.84, 300, S
2017-06-05, 600111, 10.84, 300, S
2017-06-05, 600516, 10.73, 300, B
2017-06-05, 002230, 30.22, 300, B
2017-06-06, 600000, 12.8, 300, S
2017-06-06, 600111, 10.84, 300, S
2017-06-06, 600516, 10.79, 300, B
2017-06-06, 002230, 30.28, 300, B
2017-06-07, 600111, 10.84, 300, S
2017-06-07, 600516, 10.83, 300, B
2017-06-08, 600000, 12.79, 300, S
2017-06-08, 600516, 10.83, 300, B
2017-06-09, 600000, 12.79, 300, S
2017-06-09, 600516, 10.83, 300, B
2017-06-12, 600000, 12.79, 300, S
2017-06-12, 600111, 10.84, 300, S
2017-06-12, 600516, 10.83, 300, B
2017-06-13, 600111, 10.84, 300, S
2017-06-14, 600516, 10.83, 300, B
2017-06-15, 600516, 10.83, 300, B
2017-06-16, 600516, 11.1, 300, B
2017-06-19, 600516, 11.16, 300, B
2017-06-20, 600516, 11.44, 300, B
2017-06-21, 600516, 11.34, 300, B
2017-06-22, 600000, 12.79, 300, S
2017-06-22, 600516, 11.34, 300, B
2017-06-23, 002230, 33.27, 300, B
2017-06-26, 600000, 12.79, 300, S
2017-06-27, 600060, 15.14, 300, B
2017-06-27, 600516, 13.14, 300, B
2017-06-27, 002230, 36.48, 300, B
2017-06-28, 600000, 12.79, 300, S
2017-06-28, 600060, 15.14, 300, B
2017-06-28, 600516, 13.1, 300, B
2017-06-28, 002230, 36.23, 300, B
2017-06-29, 600000, 12.79, 300, S
2017-06-29, 600060, 15.14, 300, B
2017-06-29, 600516, 13.37, 300, B
2017-06-29, 002230, 37.9, 300, B
2017-06-30, 600060, 15.14, 300, B
2017-06-30, 600516, 13.64, 300, B
2017-06-30, 002230, 40.15, 300, B
2017-07-03, 600060, 15.14, 300, B
2017-07-03, 600516, 14.27, 300, B
2017-07-03, 002230, 40.0, 300, B
2017-07-04, 600516, 14.88, 300, B
2017-07-04, 002230, 43.56, 300, B
2017-07-05, 002230, 43.76, 300, B
2017-07-06, 600111, 11.73, 300, B
2017-07-06, 600516, 15.6, 300, B
2017-07-06, 002230, 43.74, 300, B
2017-07-07, 600111, 12.18, 300, B
2017-07-07, 002230, 42.66, 300, B
2017-07-10, 600111, 13.4, 300, B
2017-07-10, 002230, 43.26, 300, B
2017-07-11, 600000, 12.79, 300, S
2017-07-11, 600516, 18.87, 300, B
2017-07-11, 002230, 43.33, 300, B
2017-07-12, 600000, 12.79, 300, S
2017-07-12, 600111, 13.16, 300, B
2017-07-13, 600000, 12.79, 300, S
2017-07-13, 600060, 14.32, 300, S
2017-07-13, 600111, 13.17, 300, B
2017-07-13, 600516, 19.54, 300, B
2017-07-14, 600516, 18.67, 300, B
2017-07-17, 600000, 13.64, 300, B
2017-07-17, 600060, 14.27, 300, S
2017-07-17, 600111, 13.81, 300, B
2017-07-17, 600516, 19.27, 300, B
2017-07-18, 600111, 13.81, 300, B
2017-07-18, 600516, 19.48, 300, B
2017-07-19, 600000, 13.6, 300, B
2017-07-19, 600060, 13.48, 300, S
2017-07-19, 600111, 14.05, 300, B
2017-07-19, 600516, 21.41, 300, B
2017-07-19, 002230, 43.33, 300, B
2017-07-20, 600111, 14.41, 300, B
2017-07-20, 600516, 23.3, 300, B
2017-07-20, 002230, 43.34, 300, B
2017-07-21, 600111, 14.49, 300, B
2017-07-21, 600516, 23.87, 300, B
2017-07-21, 002230, 47.17, 300, B
2017-07-24, 600000, 13.67, 300, B
2017-07-24, 002230, 45.94, 300, B
2017-07-25, 600000, 13.72, 300, B
2017-07-25, 600516, 26.0, 300, B
2017-07-26, 600111, 14.49, 300, B
2017-07-26, 600516, 27.57, 300, B
2017-07-27, 600111, 15.19, 300, B
2017-07-27, 600516, 28.6, 300, B
2017-07-27, 002230, 46.34, 300, B
2017-07-28, 600111, 15.8, 300, B
2017-07-28, 002230, 49.26, 300, B
2017-08-01, 002230, 49.26, 300, B
2017-08-02, 600111, 18.17, 300, B
2017-08-02, 002230, 48.87, 300, B
2017-08-03, 600111, 18.01, 300, B
2017-08-03, 600516, 34.07, 300, B
2017-08-04, 600111, 18.42, 300, B
2017-08-04, 600516, 34.24, 300, B
2017-08-07, 600111, 18.42, 300, B
2017-08-07, 600516, 31.82, 300, B
2017-08-08, 600111, 19.21, 300, B
2017-08-08, 600516, 33.09, 300, B
2017-08-08, 002230, 48.87, 300, B
2017-08-09, 600111, 19.63, 300, B
2017-08-09, 002230, 48.63, 300, B
2017-08-10, 600111, 19.91, 300, B
2017-08-10, 002230, 48.63, 300, B
2017-08-11, 002230, 48.63, 300, B
2017-08-14, 600111, 20.08, 300, B
2017-08-15, 600111, 20.08, 300, B
2017-08-15, 600516, 33.09, 300, B
2017-08-16, 002230, 55.03, 300, B
2017-08-17, 002230, 58.23, 300, B
2017-08-18, 002230, 59.64, 300, B
2017-08-21, 002230, 60.14, 300, B
2017-08-22, 600060, 14.61, 300, B
2017-08-23, 600060, 14.61, 300, B
2017-08-23, 002230, 60.61, 300, B
2017-08-24, 600111, 17.15, 300, S
2017-08-25, 600111, 17.15, 300, S
2017-08-25, 002230, 60.61, 300, B
2017-08-28, 600516, 33.61, 300, B
2017-08-28, 002230, 62.11, 300, B
